{
	"credit": "Made with Blockbench",
	"texture_size": [32, 32],
	"textures": {
		"1": "block/doors/trapdoors/acacia_trapdoor",
		"particle": "block/acacia_trapdoor"
	},
	"elements": [
		{
			"from": [13, 0, 13],
			"to": [16, 16, 16],
			"rotation": {"angle": 0, "axis": "x", "origin": [0, 16, 13]},
			"faces": {
				"north": {"uv": [1.5, 0, 0, 8], "rotation": 180, "texture": "#1"},
				"east": {"uv": [1.5, 8, 0, 0], "rotation": 180, "texture": "#1", "cullface": "east"},
				"south": {"uv": [0, 0, 1.5, 8], "rotation": 180, "texture": "#1", "cullface": "south"},
				"west": {"uv": [1.5, 8, 0, 0], "texture": "#1"},
				"up": {"uv": [8, 10.5, 6.5, 12], "rotation": 180, "texture": "#1", "cullface": "up"},
				"down": {"uv": [6.5, 10.5, 8, 9], "rotation": 180, "texture": "#1", "cullface": "down"}
			}
		},
		{
			"from": [3, 0, 13],
			"to": [13, 3, 16],
			"rotation": {"angle": 0, "axis": "x", "origin": [0, 16, 13]},
			"faces": {
				"north": {"uv": [1.5, 6.5, 6.5, 8], "rotation": 180, "texture": "#1"},
				"south": {"uv": [1.5, 0, 6.5, 1.5], "rotation": 180, "texture": "#1", "cullface": "south"},
				"up": {"uv": [1.5, 12, 6.5, 10.5], "texture": "#1"},
				"down": {"uv": [1.5, 10.5, 6.5, 9], "rotation": 180, "texture": "#1", "cullface": "down"}
			}
		},
		{
			"from": [3, 13, 13],
			"to": [13, 16, 16],
			"rotation": {"angle": 0, "axis": "x", "origin": [0, 16, 13]},
			"faces": {
				"north": {"uv": [1.5, 8, 6.5, 6.5], "texture": "#1"},
				"south": {"uv": [1.5, 6.5, 6.5, 8], "rotation": 180, "texture": "#1", "cullface": "south"},
				"up": {"uv": [1.5, 12, 6.5, 10.5], "texture": "#1", "cullface": "up"},
				"down": {"uv": [1.5, 8, 6.5, 6.5], "rotation": 180, "texture": "#1"}
			}
		},
		{
			"from": [0, 0, 13],
			"to": [3, 16, 16],
			"rotation": {"angle": 0, "axis": "x", "origin": [0, 16, 13]},
			"faces": {
				"north": {"uv": [6.5, 8, 8, 0], "texture": "#1"},
				"east": {"uv": [8, 8, 6.5, 0], "rotation": 180, "texture": "#1"},
				"south": {"uv": [6.5, 0, 8, 8], "rotation": 180, "texture": "#1", "cullface": "south"},
				"west": {"uv": [6.5, 8, 8, 0], "rotation": 180, "texture": "#1", "cullface": "west"},
				"up": {"uv": [0, 12, 1.5, 10.5], "texture": "#1", "cullface": "up"},
				"down": {"uv": [0, 10.5, 1.5, 9], "rotation": 180, "texture": "#1", "cullface": "down"}
			}
		},
		{
			"from": [5, 3, 13],
			"to": [7, 13, 16],
			"rotation": {"angle": 0, "axis": "x", "origin": [0, 16, 13]},
			"faces": {
				"north": {"uv": [4.5, 1.5, 5.5, 6.5], "texture": "#1"},
				"east": {"uv": [8, 6.5, 6.5, 1.5], "rotation": 180, "texture": "#1"},
				"south": {"uv": [4.5, 1.5, 5.5, 6.5], "rotation": 180, "texture": "#1", "cullface": "south"},
				"west": {"uv": [1.5, 6.5, 0, 1.5], "texture": "#1"}
			}
		},
		{
			"from": [9, 3, 13],
			"to": [11, 13, 16],
			"rotation": {"angle": 0, "axis": "x", "origin": [0, 16, 13]},
			"faces": {
				"north": {"uv": [2.5, 1.5, 3.5, 6.5], "texture": "#1"},
				"east": {"uv": [6.5, 6.5, 8, 1.5], "rotation": 180, "texture": "#1"},
				"south": {"uv": [2.5, 1.5, 3.5, 6.5], "rotation": 180, "texture": "#1", "cullface": "south"},
				"west": {"uv": [1.5, 6.5, 0, 1.5], "texture": "#1"}
			}
		}
	],
	"display": {
		"thirdperson_righthand": {
			"translation": [0, 1.75, -1.75],
			"scale": [0.3, 0.3, 0.3]
		},
		"thirdperson_lefthand": {
			"translation": [0, 1.75, -1.75],
			"scale": [0.3, 0.3, 0.3]
		},
		"firstperson_righthand": {
			"rotation": [-83, -5.75, -150.5],
			"scale": [0.36, 0.36, 0.36]
		},
		"firstperson_lefthand": {
			"rotation": [-83, -5.75, -150.5],
			"scale": [0.36, 0.36, 0.36]
		},
		"ground": {
			"rotation": [90, 0, 0],
			"scale": [0.4, 0.4, 0.4]
		},
		"gui": {
			"rotation": [-60, -180, -37.75],
			"scale": [0.64, 0.64, 0.64]
		},
		"head": {
			"rotation": [-92, 0, 0]
		},
		"fixed": {
			"rotation": [90, 0, 0],
			"translation": [0, 1.5, 0],
			"scale": [0.6, 0.6, 0.6]
		}
	}
}