{
	"credit": "Made with Blockbench",
	"parent": "block/block",
	"textures": {
		"6": "block/beacon_base_side",
		"8": "block/beacon_glass_side",
		"9": "block/beacon_glass_top",
		"10": "block/beacon_top",
		"11": "block/beacon",
		"12": "block/beacon_base",
		"13": "block/beacon_base_bottom",
		"particle": "block/beacon_base_side"
	},
	"elements": [
		{
			"name": "Glass shell",
			"from": [0, 3, 0],
			"to": [16, 16, 16],
			"faces": {
				"north": {"uv": [0, 0, 16, 14], "texture": "#8", "cullface": "north"},
				"east": {"uv": [0, 0, 16, 14], "texture": "#8", "cullface": "east"},
				"south": {"uv": [0, 0, 16, 14], "texture": "#8", "cullface": "south"},
				"west": {"uv": [0, 0, 16, 14], "texture": "#8", "cullface": "west"},
				"up": {"uv": [0, 0, 16, 16], "texture": "#9", "cullface": "up"},
				"down": {"uv": [0, 0, 16, 16], "texture": "#9", "cullface": "down"}
			}
		},
		{
			"name": "Obsidian base",
			"from": [0, 0, 0],
			"to": [16, 3, 16],
			"faces": {
				"north": {"uv": [0, 13, 16, 16], "texture": "#6", "cullface": "north"},
				"east": {"uv": [0, 13, 16, 16], "texture": "#6", "cullface": "east"},
				"south": {"uv": [0, 13, 16, 16], "texture": "#6", "cullface": "south"},
				"west": {"uv": [0, 13, 16, 16], "texture": "#6", "cullface": "west"},
				"up": {"uv": [0, 0, 16, 16], "texture": "#12"},
				"down": {"uv": [0, 0, 16, 16], "texture": "#13", "cullface": "down"}
			}
		},
		{
			"name": "Inner beacon texture",
			"from": [3, 3, 3],
			"to": [13, 13, 13],
			"faces": {
				"north": {"uv": [4, 4, 12, 12], "texture": "#11"},
				"east": {"uv": [4, 4, 12, 12], "texture": "#11"},
				"south": {"uv": [4, 4, 12, 12], "texture": "#11"},
				"west": {"uv": [4, 4, 12, 12], "texture": "#11"},
				"up": {"uv": [4, 4, 12, 12], "texture": "#10"}
			}
		}
	]
}