{"parent":"block/block","textures":{"stem":"block/big_dripleaf_stem","particle":"block/big_dripleaf_stem","top":"block/small_dripleaf_top","side":"block/small_dripleaf_side"},"elements":[{"from":[5,0,12],"to":[11,16,12],"rotation":{"origin":[8,8,12],"axis":"y","angle":45,"rescale":true},"shade":false,"faces":{"north":{"uv":[3,0,14,16],"texture":"#stem"},"south":{"uv":[3,0,14,16],"texture":"#stem"}}},{"from":[5,0,12],"to":[11,16,12],"rotation":{"origin":[8,8,12],"axis":"y","angle":-45,"rescale":true},"shade":false,"faces":{"north":{"uv":[3,0,14,16],"texture":"#stem"},"south":{"uv":[3,0,14,16],"texture":"#stem"}}},{"from":[9,14,4],"to":[16,14,11],"shade":false,"faces":{"down":{"uv":[0,8,8,0],"texture":"#top","rotation":270},"up":{"uv":[0,0,8,8],"texture":"#top","rotation":90}}},{"from":[9,13,4],"to":[16,14,11],"shade":false,"faces":{"east":{"uv":[0,0,8,1],"texture":"#side"},"west":{"uv":[0,0,8,1],"texture":"#side"},"north":{"uv":[0,0,8,1],"texture":"#side"},"south":{"uv":[0,0,8,1],"texture":"#side"}}}]}