{
	"credit": "Made with Blockbench",
	"textures": {
		"0": "block/brewing_stand",
		"1": "block/brewing_stand_base",
		"2": "block/brewing_stand_base_bottom",
		"particle": "block/particle/brewing_stand"
	},
	"elements": [
		{
			"name": "Stand_1",
			"from": [9, 0, 5],
			"to": [15, 2, 11],
			"rotation": {"angle": 0, "axis": "y", "origin": [8, 0, 8]},
			"faces": {
				"north": {"uv": [4, 14, 10, 16], "texture": "#1"},
				"east": {"uv": [5, 14, 11, 16], "texture": "#1"},
				"south": {"uv": [2, 14, 8, 16], "texture": "#1"},
				"west": {"uv": [5, 14, 11, 16], "texture": "#1"},
				"up": {"uv": [9, 5, 15, 11], "texture": "#1"},
				"down": {"uv": [7, 3, 13, 9], "rotation": 270, "texture": "#2"}
			}
		},
		{
			"name": "Stand_2",
			"from": [2, 0, 9],
			"to": [8, 2, 15],
			"rotation": {"angle": 0, "axis": "y", "origin": [8, 0, 8]},
			"faces": {
				"north": {"uv": [1, 14, 7, 16], "texture": "#1"},
				"east": {"uv": [2, 14, 8, 16], "texture": "#1"},
				"south": {"uv": [4, 14, 10, 16], "texture": "#1"},
				"west": {"uv": [9, 14, 3, 16], "texture": "#1"},
				"up": {"uv": [1, 9, 7, 15], "texture": "#1"},
				"down": {"uv": [1, 8, 7, 14], "rotation": 270, "texture": "#2"}
			}
		},
		{
			"name": "Stand_3",
			"from": [2, 0, 1],
			"to": [8, 2, 7],
			"rotation": {"angle": 0, "axis": "y", "origin": [8, 0, 8]},
			"faces": {
				"north": {"uv": [2, 14, 8, 16], "texture": "#1"},
				"east": {"uv": [3, 14, 9, 16], "texture": "#1"},
				"south": {"uv": [2, 14, 8, 16], "texture": "#1"},
				"west": {"uv": [3, 14, 9, 16], "texture": "#1"},
				"up": {"uv": [1, 1, 7, 7], "texture": "#1"},
				"down": {"uv": [5, 5, 11, 11], "rotation": 270, "texture": "#2"}
			}
		},
		{
			"name": "Rod",
			"from": [7, 0, 7],
			"to": [9, 14, 9],
			"rotation": {"angle": 0, "axis": "y", "origin": [8, 0, 8]},
			"faces": {
				"north": {"uv": [7, 2, 9, 16], "texture": "#0"},
				"east": {"uv": [7, 2, 9, 16], "texture": "#0"},
				"south": {"uv": [7, 2, 9, 16], "texture": "#0"},
				"west": {"uv": [7, 2, 9, 16], "texture": "#0"},
				"up": {"uv": [16, 12, 14, 14], "rotation": 90, "texture": "#0"},
				"down": {"uv": [16, 14, 14, 16], "rotation": 270, "texture": "#0"}
			}
		}
	]
}