{
	"textures": {
		"0": "block/brewing_stand",
		"particle": "block/particle/brewing_stand"
	},
	"elements": [
		{
			"name": "Decor_1",
			"from": [
				9,
				0,
				8
			],
			"to": [
				16,
				16,
				8
			],
			"rotation": {
				"angle": 0,
				"axis": "y",
				"origin": [
					8,
					0,
					8
				]
			},
			"faces": {
				"north": {
					"uv": [
						0,
						0,
						7,
						16
					],
					"texture": "#0"
				},
				"south": {
					"uv": [
						7,
						0,
						0,
						16
					],
					"texture": "#0"
				}
			}
		}
	]
}