{
  "variants": {
    "":[
    {"model": "minecraft:block/calcite", "weight": 1},
    {"model": "minecraft:block/calcite", "weight": 1, "y": 180},
    {"model": "minecraft:block/calcite", "weight": 1, "x": 180},
    {"model": "minecraft:block/calcite", "weight": 1, "x": 90, "y": 90},
    {"model": "minecraft:block/calcite", "weight": 1, "x": -90, "y": -90},
    {"model": "minecraft:block/calcite_1", "weight": 1},
    {"model": "minecraft:block/calcite_1", "weight": 1, "y": 180},
    {"model": "minecraft:block/calcite_1", "weight": 1, "x": 180},
    {"model": "minecraft:block/calcite_1", "weight": 1, "x": 90, "y": 90},
    {"model": "minecraft:block/calcite_1", "weight": 1, "x": -90, "y": -90},
    {"model": "minecraft:block/calcite_2", "weight": 1},
    {"model": "minecraft:block/calcite_2", "weight": 1, "y": 180},
    {"model": "minecraft:block/calcite_2", "weight": 1, "x": 180},
    {"model": "minecraft:block/calcite_2", "weight": 1, "x": 90, "y": 90},
    {"model": "minecraft:block/calcite_2", "weight": 1, "x": -90, "y": -90}
    ]
  }
}