{
    "variants": {
        "": [
            { "model": "block/coarse_dirt", "weight": 5 },
			{ "model": "block/coarse_dirt", "weight": 5, "y": 180 },
			{ "model": "block/coarse_dirt", "weight": 5, "x": 180 },
			{ "model": "block/coarse_dirt", "weight": 5, "x": 90, "y": 90 },
			{ "model": "block/coarse_dirt", "weight": 5, "x": -90, "y": -90 },
			{ "model": "block/coarse_dirt_1", "weight": 5 },
			{ "model": "block/coarse_dirt_1", "weight": 5, "y": 180  },
			{ "model": "block/coarse_dirt_1", "weight": 5, "x": 180  },
			{ "model": "block/coarse_dirt_1", "weight": 5, "x": 90, "y": 90  },
			{ "model": "block/coarse_dirt_1", "weight": 5, "x": -90, "y": -90  },
			{ "model": "block/coarse_dirt_2", "weight": 1 },
			{ "model": "block/coarse_dirt_2", "weight": 3, "y": 180  },
			{ "model": "block/coarse_dirt_2", "weight": 1, "x": 180  },
			{ "model": "block/coarse_dirt_2", "weight": 1, "x": 90, "y": 90  },
			{ "model": "block/coarse_dirt_2", "weight": 1, "x": -90, "y": -90  },
			{ "model": "block/coarse_dirt_3", "weight": 1 },
			{ "model": "block/coarse_dirt_3", "weight": 1, "y": 180  },
			{ "model": "block/coarse_dirt_3", "weight": 3, "x": 180  },
			{ "model": "block/coarse_dirt_3", "weight": 1, "x": 90, "y": 90  },
			{ "model": "block/coarse_dirt_3", "weight": 1, "x": -90, "y": -90  },
			{ "model": "block/coarse_dirt_4", "weight": 1 },
			{ "model": "block/coarse_dirt_4", "weight": 1, "y": 180  },
			{ "model": "block/coarse_dirt_4", "weight": 2, "x": 180  },
			{ "model": "block/coarse_dirt_4", "weight": 1, "x": 90, "y": 90  },
			{ "model": "block/coarse_dirt_4", "weight": 1, "x": -90, "y": -90  },
            { "model": "block/coarse_dirt_5", "weight": 1 },
            { "model": "block/coarse_dirt_5", "weight": 5, "y": 180  },
            { "model": "block/coarse_dirt_5", "weight": 5, "x": 180  },
            { "model": "block/coarse_dirt_5", "weight": 5, "x": 90, "y": 90  },
            { "model": "block/coarse_dirt_5", "weight": 5, "x": -90, "y": -90  },
			{ "model": "block/coarse_dirt_6", "weight": 5 },
			{ "model": "block/coarse_dirt_6", "weight": 1, "y": 180  },
			{ "model": "block/coarse_dirt_6", "weight": 1, "x": 180  },
			{ "model": "block/coarse_dirt_6", "weight": 1, "x": 90, "y": 90  },
			{ "model": "block/coarse_dirt_6", "weight": 1, "x": -90, "y": -90  }
            
        ]
    }
}
