{
  "variants": {
      "": [
    { "model": "block/cracked_polished_blackstone_bricks", "weight": 3 },
    { "model": "block/cracked_polished_blackstone_bricks_1", "weight": 2 },
    { "model": "block/cracked_polished_blackstone_bricks_2", "weight": 1 },
    { "model": "block/cracked_polished_blackstone_bricks_3", "weight": 4 },
    { "model": "block/cracked_polished_blackstone_bricks_4", "weight": 1 },
    { "model": "block/cracked_polished_blackstone_bricks_5", "weight": 1 },
    { "model": "block/cracked_polished_blackstone_bricks_6", "weight": 1 },
    { "model": "block/cracked_polished_blackstone_bricks_7", "weight": 1 }
      ]
  }
}
