{
  "variants": {
      "": [
    { "model": "block/crimson_nylium", "weight": 1 },
    { "model": "block/crimson_nylium", "weight": 1, "y": 180  },
    { "model": "block/crimson_nylium", "weight": 1, "y": 90 },
    { "model": "block/crimson_nylium", "weight": 1, "y": -90  },
    { "model": "block/crimson_nylium_1", "weight": 1 },
    { "model": "block/crimson_nylium_1", "weight": 1, "y": 180  },
    { "model": "block/crimson_nylium_1", "weight": 1, "y": 90 },
    { "model": "block/crimson_nylium_1", "weight": 1, "y": -90  },
    { "model": "block/crimson_nylium_2", "weight": 1 },
    { "model": "block/crimson_nylium_2", "weight": 1, "y": 180  },
    { "model": "block/crimson_nylium_2", "weight": 1, "y": 90 },
    { "model": "block/crimson_nylium_2", "weight": 1, "y": -90  },
    { "model": "block/crimson_nylium_3", "weight": 1 },
    { "model": "block/crimson_nylium_3", "weight": 1, "y": 180  },
    { "model": "block/crimson_nylium_3", "weight": 1, "y": 90 },
    { "model": "block/crimson_nylium_3", "weight": 1, "y": -90  },
    { "model": "block/crimson_nylium_4", "weight": 1 },
    { "model": "block/crimson_nylium_4", "weight": 1, "y": 180  },
    { "model": "block/crimson_nylium_4", "weight": 1, "y": 90 },
    { "model": "block/crimson_nylium_4", "weight": 1, "y": -90  }
      ]
  }
}
