{
  "variants": {
    "": [
      {"model": "minecraft:block/deepslate_tiles", "weight": 1},
      {"model": "minecraft:block/deepslate_tiles_1", "weight": 1},
      {"model": "minecraft:block/deepslate_tiles_2", "weight": 1},
      {"model": "minecraft:block/deepslate_tiles_3", "weight": 1},
      {"model": "minecraft:block/deepslate_tiles_4", "weight": 1},
      {"model": "minecraft:block/deepslate_tiles_5", "weight": 1},
      {"model": "minecraft:block/deepslate_tiles_6", "weight": 2}
    ]
  }
}