{ 
  "variants": {
      "": [
    { "model": "block/end_stone", "weight": 4 },
    { "model": "block/end_stone", "weight": 4, "y": 180 },
    { "model": "block/end_stone", "weight": 4, "x": 180 },
    { "model": "block/end_stone", "weight": 4, "x": 90, "y": 90 },
    { "model": "block/end_stone", "weight": 4, "x": -90, "y": -90 },
    { "model": "block/end_stone_1", "weight": 1 },
    { "model": "block/end_stone_1", "weight": 1, "y": 180 },
    { "model": "block/end_stone_1", "weight": 1, "x": 180 },
    { "model": "block/end_stone_1", "weight": 1, "x": 90, "y": 90 },
    { "model": "block/end_stone_1", "weight": 1, "x": -90, "y": -90 }
      ]
  }
}
