{
  "variants": {
    "type=bottom": [
      {"model": "minecraft:block/granite_slab"},
      {"model": "minecraft:block/granite_slab", "y": 90},
      {"model": "minecraft:block/granite_slab", "y": 180},
      {"model": "minecraft:block/granite_slab", "y": -90},
      {"model": "minecraft:block/granite_slab_1"},
      {"model": "minecraft:block/granite_slab_1", "y": 90},
      {"model": "minecraft:block/granite_slab_1", "y": 180},
      {"model": "minecraft:block/granite_slab_1", "y": -90},
      {"model": "minecraft:block/granite_slab_2"},
      {"model": "minecraft:block/granite_slab_2", "y": 90},
      {"model": "minecraft:block/granite_slab_2", "y": 180},
      {"model": "minecraft:block/granite_slab_2", "y": -90}
    ],
    "type=double": [
      {"model": "minecraft:block/granite"},
      {"model": "minecraft:block/granite", "y": 90},
      {"model": "minecraft:block/granite", "y": 180},
      {"model": "minecraft:block/granite", "y": -90},
      {"model": "minecraft:block/granite_1"},
      {"model": "minecraft:block/granite_1", "y": 90},
      {"model": "minecraft:block/granite_1", "y": 180},
      {"model": "minecraft:block/granite_1", "y": -90},
      {"model": "minecraft:block/granite_2"},
      {"model": "minecraft:block/granite_2", "y": 90},
      {"model": "minecraft:block/granite_2", "y": 180},
      {"model": "minecraft:block/granite_2", "y": -90}
    ],
    "type=top": [
      {"model": "minecraft:block/granite_slab_top"},
      {"model": "minecraft:block/granite_slab_top", "y": 90},
      {"model": "minecraft:block/granite_slab_top", "y": 180},
      {"model": "minecraft:block/granite_slab_top", "y": -90},
      {"model": "minecraft:block/granite_slab_top_1"},
      {"model": "minecraft:block/granite_slab_top_1", "y": 90},
      {"model": "minecraft:block/granite_slab_top_1", "y": 180},
      {"model": "minecraft:block/granite_slab_top_1", "y": -90},
      {"model": "minecraft:block/granite_slab_top_2"},
      {"model": "minecraft:block/granite_slab_top_2", "y": 90},
      {"model": "minecraft:block/granite_slab_top_2", "y": 180},
      {"model": "minecraft:block/granite_slab_top_2", "y": -90}
    ]
  }
}