{
  "variants": {
    "": [
      {"model": "minecraft:block/granite"},
      {"model": "minecraft:block/granite", "y": 180},
      {"model": "minecraft:block/granite", "x": 180},
      {"model": "minecraft:block/granite", "x": 90, "y": 90},
      {"model": "minecraft:block/granite", "x": -90, "y": -90},
      {"model": "minecraft:block/granite_1"},
      {"model": "minecraft:block/granite_1", "y": 180},
      {"model": "minecraft:block/granite_1", "x": 180},
      {"model": "minecraft:block/granite_1", "x": 90, "y": 90},
      {"model": "minecraft:block/granite_1", "x": -90, "y": -90},
      {"model": "minecraft:block/granite_2"},
      {"model": "minecraft:block/granite_2", "y": 180},
      {"model": "minecraft:block/granite_2", "x": 180},
      {"model": "minecraft:block/granite_2", "x": 90, "y": 90},
      {"model": "minecraft:block/granite_2", "x": -90, "y": -90}
    ]
  }
}