{
  "variants": {
      "": [
        { "model": "block/hanging_roots", "weight": 1 },
        { "model": "block/hanging_roots", "weight": 1, "y": 180 },
        { "model": "block/hanging_roots", "weight": 1, "y": 90 },
        { "model": "block/hanging_roots", "weight": 1, "y": -90 },
        { "model": "block/hanging_roots_1", "weight": 2 },
        { "model": "block/hanging_roots_1", "weight": 2, "y": 180  },
        { "model": "block/hanging_roots_1", "weight": 2, "y": 90  },
        { "model": "block/hanging_roots_1", "weight": 2, "y": -90  },
        { "model": "block/hanging_roots_2", "weight": 1 },
        { "model": "block/hanging_roots_2", "weight": 1, "y": 180  },
        { "model": "block/hanging_roots_2", "weight": 1, "y": 90  },
        { "model": "block/hanging_roots_2", "weight": 1, "y": -90  }
      ]
  }
}
