{
  "variants": {
    "facing=east": [
    { "model": "minecraft:block/ladder", "y": 90 , "weight": 2},
    { "model": "minecraft:block/ladder_1", "y": 90 },
    { "model": "minecraft:block/ladder_2", "y": 90 },
    { "model": "minecraft:block/ladder_3", "y": 90 },
    { "model": "minecraft:block/ladder_4", "y": 90 },
    { "model": "minecraft:block/ladder_5", "y": 90 },
    { "model": "minecraft:block/ladder_6", "y": 90 },
    { "model": "minecraft:block/ladder_7", "y": 90 },
    { "model": "minecraft:block/ladder_8", "y": 90 },
    { "model": "minecraft:block/ladder_9", "y": 90 },
    { "model": "minecraft:block/ladder_10", "y": 90 },
    { "model": "minecraft:block/ladder_11", "y": 90 }
    ],
    "facing=north": [
      { "model": "minecraft:block/ladder", "weight": 2},
      { "model": "minecraft:block/ladder_1"},
      { "model": "minecraft:block/ladder_2"},
      { "model": "minecraft:block/ladder_3"},
      { "model": "minecraft:block/ladder_4"},
      { "model": "minecraft:block/ladder_5"},
      { "model": "minecraft:block/ladder_6"},
      { "model": "minecraft:block/ladder_7"},
      { "model": "minecraft:block/ladder_8"},
      { "model": "minecraft:block/ladder_9"},
      { "model": "minecraft:block/ladder_10"},
      { "model": "minecraft:block/ladder_11"}
      ],
    "facing=south": [
      { "model": "minecraft:block/ladder", "y": 180 , "weight": 2},
      { "model": "minecraft:block/ladder_1", "y": 180 },
      { "model": "minecraft:block/ladder_2", "y": 180 },
      { "model": "minecraft:block/ladder_3", "y": 180 },
      { "model": "minecraft:block/ladder_4", "y": 180 },
      { "model": "minecraft:block/ladder_5", "y": 180 },
      { "model": "minecraft:block/ladder_6", "y": 180 },
      { "model": "minecraft:block/ladder_7", "y": 180 },
      { "model": "minecraft:block/ladder_8", "y": 180 },
      { "model": "minecraft:block/ladder_9", "y": 180 },
      { "model": "minecraft:block/ladder_10", "y": 180 },
      { "model": "minecraft:block/ladder_11", "y": 180 }
      ],
    "facing=west": [
      { "model": "minecraft:block/ladder", "y": 270 , "weight": 2},
      { "model": "minecraft:block/ladder_1", "y": 270 },
      { "model": "minecraft:block/ladder_2", "y": 270 },
      { "model": "minecraft:block/ladder_3", "y": 270 },
      { "model": "minecraft:block/ladder_4", "y": 270 },
      { "model": "minecraft:block/ladder_5", "y": 270 },
      { "model": "minecraft:block/ladder_6", "y": 270 },
      { "model": "minecraft:block/ladder_7", "y": 270 },
      { "model": "minecraft:block/ladder_8", "y": 270 },
      { "model": "minecraft:block/ladder_9", "y": 270 },
      { "model": "minecraft:block/ladder_10", "y": 270 },
      { "model": "minecraft:block/ladder_11", "y": 270 }
      ]
  }
}