{
  "variants": {
    "": [
      {"model": "minecraft:block/mud_bricks_north_west_mirrored"},
      {"model": "minecraft:block/mud_bricks_north_west_mirrored_1"},
      {"model": "minecraft:block/mud_bricks_north_west_mirrored_2"},
      {"model": "minecraft:block/mud_bricks_north_west_mirrored_3"},
      {"model": "minecraft:block/mud_bricks_north_west_mirrored_4"},
      {"model": "minecraft:block/mud_bricks_north_west_mirrored_5"},
      {"model": "minecraft:block/mud_bricks_north_west_mirrored_6"}
    ]
  }
}