
{
  "variants": {
    "axis=x": [
      {"model": "minecraft:block/muddy_mangrove_roots_side", "x": 90, "y": 90},
      {"model": "minecraft:block/muddy_mangrove_roots_side_1", "x": 90, "y": 90},
      {"model": "minecraft:block/muddy_mangrove_roots_side_2", "x": 90, "y": 90},
      {"model": "minecraft:block/muddy_mangrove_roots_side_3", "x": 90, "y": 90},
      {"model": "minecraft:block/muddy_mangrove_roots_side_4", "x": 90, "y": 90},
      {"model": "minecraft:block/muddy_mangrove_roots_side_5", "x": 90, "y": 90},
      {"model": "minecraft:block/muddy_mangrove_roots_side_6", "x": 90, "y": 90}
    ],
    "axis=y": [
      {"model": "minecraft:block/muddy_mangrove_roots_side"},
      {"model": "minecraft:block/muddy_mangrove_roots_side_1"},
      {"model": "minecraft:block/muddy_mangrove_roots_side_2"},
      {"model": "minecraft:block/muddy_mangrove_roots_side_3"},
      {"model": "minecraft:block/muddy_mangrove_roots_side_4"},
      {"model": "minecraft:block/muddy_mangrove_roots_side_5"},
      {"model": "minecraft:block/muddy_mangrove_roots_side_6"}
    ],
    "axis=z": [
      {"model": "minecraft:block/muddy_mangrove_roots_side", "x": 90},
      {"model": "minecraft:block/muddy_mangrove_roots_side_1", "x": 90},
      {"model": "minecraft:block/muddy_mangrove_roots_side_2", "x": 90},
      {"model": "minecraft:block/muddy_mangrove_roots_side_3", "x": 90},
      {"model": "minecraft:block/muddy_mangrove_roots_side_4", "x": 90},
      {"model": "minecraft:block/muddy_mangrove_roots_side_5", "x": 90},
      {"model": "minecraft:block/muddy_mangrove_roots_side_6", "x": 90}
    ]
  }
}