{
  "variants": {
      "": [
        { "model": "block/nether_bricks", "weight": 2 },
        { "model": "block/nether_bricks_1", "weight": 1 },
        { "model": "block/nether_bricks_2", "weight": 1 },
        { "model": "block/nether_bricks_3", "weight": 1 },
        { "model": "block/nether_bricks_4", "weight": 1 },
        { "model": "block/nether_bricks_5", "weight": 1 },
        { "model": "block/nether_bricks_6", "weight": 1 },
        { "model": "block/nether_bricks_7", "weight": 1 },
        { "model": "block/nether_bricks_8", "weight": 1 },
        { "model": "block/nether_bricks_9", "weight": 1 }
      ]
  }
}
