{
  "variants": {
    "axis=x": [
      { "model": "minecraft:block/purpur_pillar", "x": 90,  "y": 90, "weight": 1 },
      { "model": "minecraft:block/purpur_pillar_1", "x": 90,  "y": 90, "weight": 1 },
      { "model": "minecraft:block/purpur_pillar_2", "x": 90,  "y": 90, "weight": 2 }
      ],
    "axis=y": [
      { "model": "minecraft:block/purpur_pillar", "weight": 1 },
      { "model": "minecraft:block/purpur_pillar_1", "weight": 1 },
      { "model": "minecraft:block/purpur_pillar_2", "weight": 2 }
      ],
    "axis=z": [
      { "model": "minecraft:block/purpur_pillar", "x": 90, "weight": 1},
      { "model": "minecraft:block/purpur_pillar_1", "x": 90, "weight": 1},
      { "model": "minecraft:block/purpur_pillar_2", "x": 90, "weight": 2}
      ]
  }
}