{
  "variants": {
    "axis=x": [
      { "model": "minecraft:block/quartz_pillar", "x": 90,  "y": 90, "weight": 7 },
      { "model": "minecraft:block/quartz_pillar_1", "x": 90,  "y": 90, "weight": 1 }
      ],
    "axis=y": [
      { "model": "minecraft:block/quartz_pillar", "weight": 7 },
      { "model": "minecraft:block/quartz_pillar_1", "weight": 1 }
      ],
    "axis=z": [
      { "model": "minecraft:block/quartz_pillar", "x": 90, "weight": 7},
      { "model": "minecraft:block/quartz_pillar_1", "x": 90, "weight": 1}
      ]
  }
}