{
  "variants": {
    "shape=ascending_east": [
    { "model": "minecraft:block/rail_raised_ne", "y": 90 },
    { "model": "minecraft:block/rail_raised_ne_1", "y": 90 },
    { "model": "minecraft:block/rail_raised_ne_2", "y": 90 },
    { "model": "minecraft:block/rail_raised_ne_3", "y": 90 },
    { "model": "minecraft:block/rail_raised_ne_4", "y": 90 },
    { "model": "minecraft:block/rail_raised_ne_5", "y": 90 },
    { "model": "minecraft:block/rail_raised_ne_6", "y": 90 },
    { "model": "minecraft:block/rail_raised_ne_7", "y": 90 },
    { "model": "minecraft:block/rail_raised_ne_8", "y": 90 },
    { "model": "minecraft:block/rail_raised_ne_9", "y": 90 }
    ],
    "shape=ascending_north": [
      { "model": "minecraft:block/rail_raised_ne" },
      { "model": "minecraft:block/rail_raised_ne_1" },
      { "model": "minecraft:block/rail_raised_ne_2" },
      { "model": "minecraft:block/rail_raised_ne_3" },
      { "model": "minecraft:block/rail_raised_ne_4" },
      { "model": "minecraft:block/rail_raised_ne_5" },
      { "model": "minecraft:block/rail_raised_ne_6" },
      { "model": "minecraft:block/rail_raised_ne_7" },
      { "model": "minecraft:block/rail_raised_ne_8" },
      { "model": "minecraft:block/rail_raised_ne_9" }
      ],
    "shape=ascending_south": [
      { "model": "minecraft:block/rail_raised_sw" },
      { "model": "minecraft:block/rail_raised_sw_1" },
      { "model": "minecraft:block/rail_raised_sw_2" },
      { "model": "minecraft:block/rail_raised_sw_3" },
      { "model": "minecraft:block/rail_raised_sw_4" },
      { "model": "minecraft:block/rail_raised_sw_5" },
      { "model": "minecraft:block/rail_raised_sw_6" },
      { "model": "minecraft:block/rail_raised_sw_7" },
      { "model": "minecraft:block/rail_raised_sw_8" },
      { "model": "minecraft:block/rail_raised_sw_9" }
      ],
    "shape=ascending_west": [
      { "model": "minecraft:block/rail_raised_sw", "y": 90 },
      { "model": "minecraft:block/rail_raised_sw_1", "y": 90 },
      { "model": "minecraft:block/rail_raised_sw_2", "y": 90 },
      { "model": "minecraft:block/rail_raised_sw_3", "y": 90 },
      { "model": "minecraft:block/rail_raised_sw_4", "y": 90 },
      { "model": "minecraft:block/rail_raised_sw_5", "y": 90 },
      { "model": "minecraft:block/rail_raised_sw_6", "y": 90 },
      { "model": "minecraft:block/rail_raised_sw_7", "y": 90 },
      { "model": "minecraft:block/rail_raised_sw_8", "y": 90 },
      { "model": "minecraft:block/rail_raised_sw_9", "y": 90 }
      ],
    "shape=east_west": [
      { "model": "minecraft:block/rail", "y": 90 },
      { "model": "minecraft:block/rail_1", "y": 90 },
      { "model": "minecraft:block/rail_2", "y": 90 },
      { "model": "minecraft:block/rail_3", "y": 90 },
      { "model": "minecraft:block/rail_4", "y": 90 },
      { "model": "minecraft:block/rail_5", "y": 90 },
      { "model": "minecraft:block/rail_6", "y": 90 },
      { "model": "minecraft:block/rail_7", "y": 90 },
      { "model": "minecraft:block/rail_8", "y": 90 },
      { "model": "minecraft:block/rail_9", "y": 90 }
      ],
    "shape=north_east": {
      "model": "minecraft:block/rail_corner",
      "y": 270
    },
    "shape=north_south": [
      { "model": "minecraft:block/rail" },
      { "model": "minecraft:block/rail_1" },
      { "model": "minecraft:block/rail_2" },
      { "model": "minecraft:block/rail_3" },
      { "model": "minecraft:block/rail_4" },
      { "model": "minecraft:block/rail_5" },
      { "model": "minecraft:block/rail_6" },
      { "model": "minecraft:block/rail_7" },
      { "model": "minecraft:block/rail_8" },
      { "model": "minecraft:block/rail_9" }
      ],
    "shape=north_west": {
      "model": "minecraft:block/rail_corner",
      "y": 180
    },
    "shape=south_east": {
      "model": "minecraft:block/rail_corner"
    },
    "shape=south_west": {
      "model": "minecraft:block/rail_corner",
      "y": 90
    }
  }
}