{
    "variants": {
        "": [
            { "model": "block/grass", "weight": 1 },
			{ "model": "block/grass_1", "weight": 1 },
			{ "model": "block/grass_2", "weight": 1 },
			{ "model": "block/grass_3", "weight": 1 },
			{ "model": "block/grass_4", "weight": 1 },
            { "model": "block/grass_5", "weight": 1 },
			{ "model": "block/grass_6", "weight": 1 },
			{ "model": "block/grass_7", "weight": 1 },
			{ "model": "block/grass_8", "weight": 1 },
			{ "model": "block/grass_9", "weight": 1 },
			{ "model": "block/grass_10", "weight": 1 }
            
        ]
    }
}
