{
  "multipart": [
    {
      "apply": [
        {"model": "minecraft:block/stone_brick_wall_post"},
        {"model": "minecraft:block/stone_brick_wall_post_1"},
        {"model": "minecraft:block/stone_brick_wall_post_2"},
        {"model": "minecraft:block/stone_brick_wall_post_3"},
        {"model": "minecraft:block/stone_brick_wall_post_4"},
        {"model": "minecraft:block/stone_brick_wall_post_5"},
        {"model": "minecraft:block/stone_brick_wall_post_6"},
        {"model": "minecraft:block/stone_brick_wall_post_7"},
        {"model": "minecraft:block/stone_brick_wall_post_8"}
      ],
      "when": {
        "up": "true"
      }
    },
    {
      "apply": [
        {"model": "minecraft:block/stone_brick_wall_side", "uvlock": true},
        {"model": "minecraft:block/stone_brick_wall_side_1", "uvlock": true},
        {"model": "minecraft:block/stone_brick_wall_side_2", "uvlock": true},
        {"model": "minecraft:block/stone_brick_wall_side_3", "uvlock": true},
        {"model": "minecraft:block/stone_brick_wall_side_4", "uvlock": true},
        {"model": "minecraft:block/stone_brick_wall_side_5", "uvlock": true},
        {"model": "minecraft:block/stone_brick_wall_side_6", "uvlock": true},
        {"model": "minecraft:block/stone_brick_wall_side_7", "uvlock": true},
        {"model": "minecraft:block/stone_brick_wall_side_8", "uvlock": true}
      ],
      "when": {
        "north": "low"
      }
    },
    {
      "apply": [
        {"model": "minecraft:block/stone_brick_wall_side", "uvlock": true, "y": 90},
        {"model": "minecraft:block/stone_brick_wall_side_1", "uvlock": true, "y": 90},
        {"model": "minecraft:block/stone_brick_wall_side_2", "uvlock": true, "y": 90},
        {"model": "minecraft:block/stone_brick_wall_side_3", "uvlock": true, "y": 90},
        {"model": "minecraft:block/stone_brick_wall_side_4", "uvlock": true, "y": 90},
        {"model": "minecraft:block/stone_brick_wall_side_5", "uvlock": true, "y": 90},
        {"model": "minecraft:block/stone_brick_wall_side_6", "uvlock": true, "y": 90},
        {"model": "minecraft:block/stone_brick_wall_side_7", "uvlock": true, "y": 90},
        {"model": "minecraft:block/stone_brick_wall_side_8", "uvlock": true, "y": 90}
      ],
      "when": {
        "east": "low"
      }
    },
    {
      "apply": [
        {"model": "minecraft:block/stone_brick_wall_side", "uvlock": true, "y": 180},
        {"model": "minecraft:block/stone_brick_wall_side_1", "uvlock": true, "y": 180},
        {"model": "minecraft:block/stone_brick_wall_side_2", "uvlock": true, "y": 180},
        {"model": "minecraft:block/stone_brick_wall_side_3", "uvlock": true, "y": 180},
        {"model": "minecraft:block/stone_brick_wall_side_4", "uvlock": true, "y": 180},
        {"model": "minecraft:block/stone_brick_wall_side_5", "uvlock": true, "y": 180},
        {"model": "minecraft:block/stone_brick_wall_side_6", "uvlock": true, "y": 180},
        {"model": "minecraft:block/stone_brick_wall_side_7", "uvlock": true, "y": 180},
        {"model": "minecraft:block/stone_brick_wall_side_8", "uvlock": true, "y": 180}
      ],
      "when": {
        "south": "low"
      }
    },
    {
      "apply": [
        {"model": "minecraft:block/stone_brick_wall_side", "uvlock": true, "y": 270},
        {"model": "minecraft:block/stone_brick_wall_side_1", "uvlock": true, "y": 270},
        {"model": "minecraft:block/stone_brick_wall_side_2", "uvlock": true, "y": 270},
        {"model": "minecraft:block/stone_brick_wall_side_3", "uvlock": true, "y": 270},
        {"model": "minecraft:block/stone_brick_wall_side_4", "uvlock": true, "y": 270},
        {"model": "minecraft:block/stone_brick_wall_side_5", "uvlock": true, "y": 270},
        {"model": "minecraft:block/stone_brick_wall_side_6", "uvlock": true, "y": 270},
        {"model": "minecraft:block/stone_brick_wall_side_7", "uvlock": true, "y": 270},
        {"model": "minecraft:block/stone_brick_wall_side_8", "uvlock": true, "y": 270}
      ],
      "when": {
        "west": "low"
      }
    },
    {
      "apply": [
        {"model": "minecraft:block/stone_brick_wall_side_tall", "uvlock": true},
        {"model": "minecraft:block/stone_brick_wall_side_tall_1", "uvlock": true},
        {"model": "minecraft:block/stone_brick_wall_side_tall_2", "uvlock": true},
        {"model": "minecraft:block/stone_brick_wall_side_tall_3", "uvlock": true},
        {"model": "minecraft:block/stone_brick_wall_side_tall_4", "uvlock": true},
        {"model": "minecraft:block/stone_brick_wall_side_tall_5", "uvlock": true},
        {"model": "minecraft:block/stone_brick_wall_side_tall_6", "uvlock": true},
        {"model": "minecraft:block/stone_brick_wall_side_tall_7", "uvlock": true},
        {"model": "minecraft:block/stone_brick_wall_side_tall_8", "uvlock": true}
      ],
      "when": {
        "north": "tall"
      }
    },
    {
      "apply": [
        {"model": "minecraft:block/stone_brick_wall_side_tall", "uvlock": true, "y": 90},
        {"model": "minecraft:block/stone_brick_wall_side_tall_1", "uvlock": true, "y": 90},
        {"model": "minecraft:block/stone_brick_wall_side_tall_2", "uvlock": true, "y": 90},
        {"model": "minecraft:block/stone_brick_wall_side_tall_3", "uvlock": true, "y": 90},
        {"model": "minecraft:block/stone_brick_wall_side_tall_4", "uvlock": true, "y": 90},
        {"model": "minecraft:block/stone_brick_wall_side_tall_5", "uvlock": true, "y": 90},
        {"model": "minecraft:block/stone_brick_wall_side_tall_6", "uvlock": true, "y": 90},
        {"model": "minecraft:block/stone_brick_wall_side_tall_7", "uvlock": true, "y": 90},
        {"model": "minecraft:block/stone_brick_wall_side_tall_8", "uvlock": true, "y": 90}
      ],
      "when": {
        "east": "tall"
      }
    },
    {
      "apply": [
        {"model": "minecraft:block/stone_brick_wall_side_tall", "uvlock": true, "y": 180},
        {"model": "minecraft:block/stone_brick_wall_side_tall_1", "uvlock": true, "y": 180},
        {"model": "minecraft:block/stone_brick_wall_side_tall_2", "uvlock": true, "y": 180},
        {"model": "minecraft:block/stone_brick_wall_side_tall_3", "uvlock": true, "y": 180},
        {"model": "minecraft:block/stone_brick_wall_side_tall_4", "uvlock": true, "y": 180},
        {"model": "minecraft:block/stone_brick_wall_side_tall_5", "uvlock": true, "y": 180},
        {"model": "minecraft:block/stone_brick_wall_side_tall_6", "uvlock": true, "y": 180},
        {"model": "minecraft:block/stone_brick_wall_side_tall_7", "uvlock": true, "y": 180},
        {"model": "minecraft:block/stone_brick_wall_side_tall_8", "uvlock": true, "y": 180}
      ],
      "when": {
        "south": "tall"
      }
    },
    {
      "apply": [
        {"model": "minecraft:block/stone_brick_wall_side_tall", "uvlock": true, "y": 270},
        {"model": "minecraft:block/stone_brick_wall_side_tall_1", "uvlock": true, "y": 270},
        {"model": "minecraft:block/stone_brick_wall_side_tall_2", "uvlock": true, "y": 270},
        {"model": "minecraft:block/stone_brick_wall_side_tall_3", "uvlock": true, "y": 270},
        {"model": "minecraft:block/stone_brick_wall_side_tall_4", "uvlock": true, "y": 270},
        {"model": "minecraft:block/stone_brick_wall_side_tall_5", "uvlock": true, "y": 270},
        {"model": "minecraft:block/stone_brick_wall_side_tall_6", "uvlock": true, "y": 270},
        {"model": "minecraft:block/stone_brick_wall_side_tall_7", "uvlock": true, "y": 270},
        {"model": "minecraft:block/stone_brick_wall_side_tall_8", "uvlock": true, "y": 270}
      ],
      "when": {
        "west": "tall"
      }
    }
  ]
}