{
  "variants": {
    "type=bottom": [
      {"model": "minecraft:block/stone_brick_slab"},
      {"model": "minecraft:block/stone_brick_slab_1"},
      {"model": "minecraft:block/stone_brick_slab_2"},
      {"model": "minecraft:block/stone_brick_slab_3"},
      {"model": "minecraft:block/stone_brick_slab_4"},
      {"model": "minecraft:block/stone_brick_slab_5"},
      {"model": "minecraft:block/stone_brick_slab_6"},
      {"model": "minecraft:block/stone_brick_slab_7"},
      {"model": "minecraft:block/stone_brick_slab_8"}
    ],
    "type=double": [
      {"model": "minecraft:block/stonebrick"},
      {"model": "minecraft:block/stonebrick_1"},
      {"model": "minecraft:block/stonebrick_2"},
      {"model": "minecraft:block/stonebrick_3"},
      {"model": "minecraft:block/stonebrick_4"},
      {"model": "minecraft:block/stonebrick_5"},
      {"model": "minecraft:block/stonebrick_6"},
      {"model": "minecraft:block/stonebrick_7"},
      {"model": "minecraft:block/stonebrick_8"}
    ],
    "type=top": [
      {"model": "minecraft:block/stone_brick_slab_top"},
      {"model": "minecraft:block/stone_brick_slab_top_1"},
      {"model": "minecraft:block/stone_brick_slab_top_2"},
      {"model": "minecraft:block/stone_brick_slab_top_3"},
      {"model": "minecraft:block/stone_brick_slab_top_4"},
      {"model": "minecraft:block/stone_brick_slab_top_5"},
      {"model": "minecraft:block/stone_brick_slab_top_6"},
      {"model": "minecraft:block/stone_brick_slab_top_7"},
      {"model": "minecraft:block/stone_brick_slab_top_8"}
    ]
  }
}