{
  "variants": {
    "": [
      {"model": "minecraft:block/tuff"},
      {"model": "minecraft:block/tuff", "y": 180},
      {"model": "minecraft:block/tuff", "x": 180},
      {"model": "minecraft:block/tuff", "x": 90, "y": 90},
      {"model": "minecraft:block/tuff", "x": -90, "y": -90},
      {"model": "minecraft:block/tuff_1"},
      {"model": "minecraft:block/tuff_1", "y": 180},
      {"model": "minecraft:block/tuff_1", "x": 180},
      {"model": "minecraft:block/tuff_1", "x": 90, "y": 90},
      {"model": "minecraft:block/tuff_1", "x": -90, "y": -90},
      {"model": "minecraft:block/tuff_2"},
      {"model": "minecraft:block/tuff_2", "y": 180},
      {"model": "minecraft:block/tuff_2", "x": 180},
      {"model": "minecraft:block/tuff_2", "x": 90, "y": 90},
      {"model": "minecraft:block/tuff_2", "x": -90, "y": -90}
    ]
  }
}