{
  "variants": {
      "": [
    { "model": "block/warped_nylium", "weight": 6 },
    { "model": "block/warped_nylium", "weight": 6, "y": 180  },
    { "model": "block/warped_nylium", "weight": 6, "y": 90  },
    { "model": "block/warped_nylium", "weight": 6, "y": -90  },
    { "model": "block/warped_nylium_1", "weight": 2 },
    { "model": "block/warped_nylium_1", "weight": 2, "y": 180  },
    { "model": "block/warped_nylium_1", "weight": 2, "y": 90  },
    { "model": "block/warped_nylium_1", "weight": 2, "y": -90  },
    { "model": "block/warped_nylium_2", "weight": 1 },
    { "model": "block/warped_nylium_2", "weight": 1, "y": 180  },
    { "model": "block/warped_nylium_2", "weight": 1, "y": 90  },
    { "model": "block/warped_nylium_2", "weight": 1, "y": -90  },
    { "model": "block/warped_nylium_3", "weight": 2 },
    { "model": "block/warped_nylium_3", "weight": 2, "y": 180  },
    { "model": "block/warped_nylium_3", "weight": 2, "y": 90  },
    { "model": "block/warped_nylium_3", "weight": 2, "y": -90  },
    { "model": "block/warped_nylium_4", "weight": 2 },
    { "model": "block/warped_nylium_4", "weight": 2, "y": 180  },
    { "model": "block/warped_nylium_4", "weight": 2, "y": 90  },
    { "model": "block/warped_nylium_4", "weight": 2, "y": -90  }
      ]
  }
}
