{
	"credit": "Made with Blockbench",
	"ambientocclusion": false,
	"textures": {
		"0": "block/cactus_side/3",
		"1": "block/cactus_side/10",
		"2": "block/cactus_top",
		"3": "block/cactus_bottom",
		"4": "block/cactus_side/cactus_arm",
		"particle": "block/cactus_side/3"
	},
	"elements": [
		{
			"name": "stem_top",
			"from": [1, 0, 1],
			"to": [15, 16, 15],
			"faces": {
				"up": {"uv": [1, 1, 15, 15], "texture": "#2", "cullface": "up"},
				"down": {"uv": [1, 1, 15, 15], "texture": "#3", "cullface": "down"}
			}
		},
		{
			"name": "stem_side",
			"from": [0, 0, 1],
			"to": [16, 16, 15],
			"rotation": {"angle": 0, "axis": "y", "origin": [8, 8, 7]},
			"faces": {
				"north": {"uv": [0, 0, 16, 16], "texture": "#0"},
				"south": {"uv": [0, 0, 16, 16], "texture": "#1"}
			}
		},
		{
			"name": "stem_side",
			"from": [1, 0, 0],
			"to": [15, 16, 16],
			"rotation": {"angle": 0, "axis": "y", "origin": [7, 8, 8]},
			"faces": {
				"east": {"uv": [0, 0, 16, 16], "texture": "#1"},
				"west": {"uv": [0, 0, 16, 16], "texture": "#0"}
			}
		},
		{
			"from": [14, 3, 6],
			"to": [19, 7, 10],
			"rotation": {"angle": 0, "axis": "y", "origin": [8, 7, 8]},
			"faces": {
				"north": {"uv": [7, 11, 12, 15], "texture": "#4"},
				"east": {"uv": [12, 11, 16, 15], "rotation": 180, "texture": "#4"},
				"south": {"uv": [7, 11, 12, 15], "rotation": 180, "texture": "#4"},
				"up": {"uv": [7, 11, 12, 15], "rotation": 180, "texture": "#4"},
				"down": {"uv": [7, 11, 12, 15], "rotation": 180, "texture": "#4"}
			}
		},
		{
			"from": [-3, 6, 6],
			"to": [2, 10, 10],
			"rotation": {"angle": 0, "axis": "y", "origin": [8, 10, 8]},
			"faces": {
				"north": {"uv": [7, 11, 12, 15], "rotation": 180, "texture": "#4"},
				"south": {"uv": [7, 11, 12, 15], "texture": "#4"},
				"west": {"uv": [12, 11, 16, 15], "rotation": 180, "texture": "#4"},
				"up": {"uv": [7, 11, 12, 15], "texture": "#4"},
				"down": {"uv": [7, 11, 12, 15], "texture": "#4"}
			}
		}
	]
}