{
	"credit": "Made with Blockbench",
	"ambientocclusion": false,
	"textures": {
		"0": "block/cactus_side/cactus_arm",
		"2": "block/cactus_side/12",
		"3": "block/cactus_side/10",
		"4": "block/cactus_bottom",
		"particle": "block/cactus_side/cactus_arm"
	},
	"elements": [
		{
			"name": "stem_top",
			"from": [1, 0, 1],
			"to": [15, 16, 15],
			"faces": {
				"up": {"uv": [1, 1, 15, 15], "texture": "#2", "cullface": "up"},
				"down": {"uv": [1, 1, 15, 15], "texture": "#4", "cullface": "down"}
			}
		},
		{
			"name": "stem_side",
			"from": [0, 0, 1],
			"to": [16, 16, 15],
			"rotation": {"angle": 0, "axis": "y", "origin": [8, 8, 7]},
			"faces": {
				"north": {"uv": [0, 0, 16, 16], "texture": "#3"},
				"south": {"uv": [0, 0, 16, 16], "texture": "#3"}
			}
		},
		{
			"name": "stem_side",
			"from": [1, 0, 0],
			"to": [15, 16, 16],
			"rotation": {"angle": 0, "axis": "y", "origin": [7, 8, 8]},
			"faces": {
				"east": {"uv": [0, 0, 16, 16], "texture": "#3"},
				"west": {"uv": [0, 0, 16, 16], "texture": "#3"}
			}
		},
		{
			"from": [17, 5, 5],
			"to": [21, 16, 11],
			"rotation": {"angle": 0, "axis": "y", "origin": [8, 9, 8]},
			"faces": {
				"east": {"uv": [0, 0, 6, 11], "texture": "#0"},
				"west": {"uv": [0, 0, 6, 11], "texture": "#0"}
			}
		},
		{
			"from": [14, 5, 6],
			"to": [17, 9, 10],
			"rotation": {"angle": 0, "axis": "y", "origin": [8, 9, 8]},
			"faces": {
				"north": {"uv": [4, 11, 7, 15], "texture": "#0"},
				"south": {"uv": [4, 11, 7, 15], "rotation": 180, "texture": "#0"},
				"up": {"uv": [4, 11, 7, 15], "rotation": 180, "texture": "#0"},
				"down": {"uv": [4, 11, 7, 15], "rotation": 180, "texture": "#0"}
			}
		},
		{
			"from": [16, 5, 6],
			"to": [22, 16, 10],
			"rotation": {"angle": 0, "axis": "y", "origin": [8, 9, 8]},
			"faces": {
				"north": {"uv": [6, 0, 12, 11], "texture": "#0"},
				"south": {"uv": [12, 0, 6, 11], "texture": "#0"},
				"up": {"uv": [12, 10, 16, 16], "rotation": 90, "texture": "#0"},
				"down": {"uv": [12, 10, 16, 16], "rotation": 270, "texture": "#0"}
			}
		},
		{
			"from": [5, 2, -5],
			"to": [11, 13, -1],
			"rotation": {"angle": 0, "axis": "y", "origin": [8, 6, 8]},
			"faces": {
				"north": {"uv": [0, 0, 6, 11], "texture": "#0"},
				"south": {"uv": [0, 0, 6, 11], "texture": "#0"}
			}
		},
		{
			"from": [6, 2, -1],
			"to": [10, 6, 2],
			"rotation": {"angle": 0, "axis": "y", "origin": [8, 6, 8]},
			"faces": {
				"east": {"uv": [4, 11, 7, 15], "rotation": 180, "texture": "#0"},
				"west": {"uv": [4, 11, 7, 15], "texture": "#0"},
				"up": {"uv": [4, 11, 7, 15], "rotation": 90, "texture": "#0"},
				"down": {"uv": [4, 11, 7, 15], "rotation": 270, "texture": "#0"}
			}
		},
		{
			"from": [6, 2, -6],
			"to": [10, 13, 0],
			"rotation": {"angle": 0, "axis": "y", "origin": [8, 6, 8]},
			"faces": {
				"east": {"uv": [12, 0, 6, 11], "texture": "#0"},
				"west": {"uv": [6, 0, 12, 11], "texture": "#0"},
				"up": {"uv": [12, 10, 16, 16], "texture": "#0"},
				"down": {"uv": [12, 10, 16, 16], "texture": "#0"}
			}
		}
	]
}