{
	"credit": "Made with Blockbench",
	"parent": "block/thin_block",
	"textures": {
		"particle": "#wool"
	},
	"elements": [
		{
			"from": [0, 0, 0],
			"to": [16, 1, 16],
			"faces": {
				"north": {"uv": [0, 15, 16, 16], "texture": "#wool", "cullface": "north"},
				"east": {"uv": [0, 15, 16, 16], "texture": "#wool", "cullface": "east"},
				"south": {"uv": [0, 15, 16, 16], "texture": "#wool", "cullface": "south"},
				"west": {"uv": [0, 15, 16, 16], "texture": "#wool", "cullface": "west"},
				"up": {"uv": [0, 0, 16, 16], "texture": "#wool"},
				"down": {"uv": [0, 0, 16, 16], "texture": "#wool", "cullface": "down"}
			}
		},
		{
			"from": [-0.025, -2.025, -0.025],
			"to": [16.025, 0.025, 0.025],
			"rotation": {"angle": 0, "axis": "y", "origin": [8.05, 7, 7.95]},
			"faces": {
				"north": {"uv": [0, 0, 16, 2.05], "texture": "#wool"},
				"south": {"uv": [0, 0, 16, 2.05], "texture": "#wool"}
			}
		},
		{
			"from": [-0.025, -2.025, 15.975],
			"to": [16.025, 0.025, 16.025],
			"rotation": {"angle": 0, "axis": "y", "origin": [8.05, 7, 24.15]},
			"faces": {
				"north": {"uv": [0, 0, 16, 2.05], "texture": "#wool"},
				"south": {"uv": [0, 0, 16, 2.05], "texture": "#wool"}
			}
		},
		{
			"from": [15.975, -2.025, -0.025],
			"to": [16.025, 0.025, 16.025],
			"rotation": {"angle": 0, "axis": "y", "origin": [8.15, 7, 24.05]},
			"faces": {
				"east": {"uv": [0, 0, 16, 2.05], "texture": "#wool"},
				"west": {"uv": [0, 0, 16, 2.05], "texture": "#wool"}
			}
		},
		{
			"from": [-0.025, -2.025, -0.025],
			"to": [0.025, 0.025, 16.025],
			"rotation": {"angle": 0, "axis": "y", "origin": [-8.05, 7, 24.05]},
			"faces": {
				"east": {"uv": [0, 0, 16, 2.05], "texture": "#wool"},
				"west": {"uv": [0, 0, 16, 2.05], "texture": "#wool"}
			}
		}
	],
	"display": {
		"ground": {
			"translation": [0, 6.75, 0],
			"scale": [0.74, 0.74, 0.74]
		},
		"fixed": {
			"rotation": [-90, 0, 0],
			"translation": [0, 0, -8]
		}
	}
}