{
	"credit": "Made with Blockbench",
	"parent": "block/block",
	"ambientocclusion": false,
	"textures": {
		"particle": "block/chorus_plant",
		"texture": "block/chorus_plant"
	},
	"elements": [
		{
			"from": [4, 4, 4],
			"to": [12, 12, 12],
			"faces": {
				"north": {"uv": [4, 4, 12, 12], "texture": "#texture"},
				"east": {"uv": [4, 4, 12, 12], "texture": "#texture"},
				"south": {"uv": [4, 4, 12, 12], "texture": "#texture"},
				"west": {"uv": [4, 4, 12, 12], "texture": "#texture"},
				"up": {"uv": [4, 4, 12, 12], "texture": "#texture"},
				"down": {"uv": [4, 4, 12, 12], "texture": "#texture"}
			}
		}
	]
}