{
	"credit": "Made with Blockbench",
	"ambientocclusion": false,
	"textures": {
		"particle": "block/chorus_plant_flower_petal",
		"texture": "block/chorus_plant_flower_petal",
		"center": "block/chorus_plant_flower_center",
		"texture1": "block/chorus_plant_flower_pistil"
	},
	"elements": [
		{
			"from": [4, 0, 4],
			"to": [12, 2, 12],
			"faces": {
				"north": {"uv": [8, 14, 16, 16], "texture": "#center"},
				"east": {"uv": [8, 14, 16, 16], "texture": "#center"},
				"south": {"uv": [8, 14, 16, 16], "texture": "#center"},
				"west": {"uv": [8, 14, 16, 16], "texture": "#center"},
				"up": {"uv": [0, 0, 8, 8], "texture": "#center"},
				"down": {"uv": [0, 8, 8, 16], "texture": "#center"}
			}
		},
		{
			"from": [2.001, 2, 2],
			"to": [2.001, 18, 18],
			"shade": false,
			"rotation": {"angle": 45, "axis": "y", "origin": [2, 6, 2]},
			"faces": {
				"north": {"uv": [0, 0, 0, 0], "texture": "#texture1"},
				"east": {"uv": [0, 0, 16, 16], "texture": "#texture1"},
				"south": {"uv": [0, 0, 0, 0], "texture": "#texture1"},
				"west": {"uv": [0, 0, 16, 16], "texture": "#texture1"},
				"up": {"uv": [0, 0, 0, 0], "texture": "#texture1"},
				"down": {"uv": [0, 0, 0, 0], "texture": "#texture1"}
			}
		},
		{
			"from": [14, 2, 2],
			"to": [14, 18, 18],
			"shade": false,
			"rotation": {"angle": -45, "axis": "y", "origin": [14, 6, 2]},
			"faces": {
				"north": {"uv": [0, 0, 0, 0], "texture": "#texture1"},
				"east": {"uv": [0, 0, 16, 16], "texture": "#texture1"},
				"south": {"uv": [0, 0, 0, 0], "texture": "#texture1"},
				"west": {"uv": [0, 0, 16, 16], "texture": "#texture1"},
				"up": {"uv": [0, 0, 0, 0], "texture": "#texture1"},
				"down": {"uv": [0, 0, 0, 0], "texture": "#texture1"}
			}
		},
		{
			"from": [4.5, 1.125, 16],
			"to": [20.5, 1.125, 32],
			"shade": false,
			"rotation": {"angle": 45, "axis": "y", "origin": [4.5, 1.125, 16]},
			"faces": {
				"north": {"uv": [0, 0, 0, 0], "texture": "#texture"},
				"east": {"uv": [0, 0, 0, 0], "texture": "#texture"},
				"south": {"uv": [0, 0, 0, 0], "texture": "#texture"},
				"west": {"uv": [0, 0, 0, 0], "texture": "#texture"},
				"up": {"uv": [0, 0, 16, 16], "rotation": 180, "texture": "#texture"},
				"down": {"uv": [0, 0, 16, 16], "texture": "#texture"}
			}
		},
		{
			"from": [0, 1.25, 4.5],
			"to": [16, 1.25, 20.5],
			"shade": false,
			"rotation": {"angle": -45, "axis": "y", "origin": [0, 1.25, 4.5]},
			"faces": {
				"north": {"uv": [0, 0, 0, 0], "texture": "#texture"},
				"east": {"uv": [0, 0, 0, 0], "texture": "#texture"},
				"south": {"uv": [0, 0, 0, 0], "texture": "#texture"},
				"west": {"uv": [0, 0, 0, 0], "texture": "#texture"},
				"up": {"uv": [0, 0, 16, 16], "rotation": 180, "texture": "#texture"},
				"down": {"uv": [0, 0, 16, 16], "texture": "#texture"}
			}
		},
		{
			"from": [-4.5, 1.375, -16],
			"to": [11.5, 1.375, 0],
			"shade": false,
			"rotation": {"angle": 45, "axis": "y", "origin": [11.5, 1.375, 0]},
			"faces": {
				"north": {"uv": [0, 0, 0, 0], "texture": "#texture"},
				"east": {"uv": [0, 0, 0, 0], "texture": "#texture"},
				"south": {"uv": [0, 0, 0, 0], "texture": "#texture"},
				"west": {"uv": [0, 0, 0, 0], "texture": "#texture"},
				"up": {"uv": [0, 0, 16, 16], "texture": "#texture"},
				"down": {"uv": [0, 0, 16, 16], "rotation": 180, "texture": "#texture"}
			}
		},
		{
			"from": [0, 1, -4.5],
			"to": [16, 1, 11.5],
			"shade": false,
			"rotation": {"angle": -45, "axis": "y", "origin": [16, 1, 11.5]},
			"faces": {
				"north": {"uv": [0, 0, 0, 0], "texture": "#texture"},
				"east": {"uv": [0, 0, 0, 0], "texture": "#texture"},
				"south": {"uv": [0, 0, 0, 0], "texture": "#texture"},
				"west": {"uv": [0, 0, 0, 0], "texture": "#texture"},
				"up": {"uv": [0, 0, 16, 16], "texture": "#texture"},
				"down": {"uv": [0, 0, 16, 16], "rotation": 180, "texture": "#texture"}
			}
		},
		{
			"from": [-0.87107, -0.18924, 0],
			"to": [8.12893, -0.18924, 16],
			"shade": false,
			"rotation": {"angle": -45, "axis": "z", "origin": [8, 4.18233, 8]},
			"faces": {
				"north": {"uv": [0, 0, 0, 0], "texture": "#texture"},
				"east": {"uv": [0, 0, 0, 0], "texture": "#texture"},
				"south": {"uv": [0, 0, 0, 0], "texture": "#texture"},
				"west": {"uv": [0, 0, 0, 0], "texture": "#texture"},
				"up": {"uv": [0, 7, 16, 16], "rotation": 270, "texture": "#texture"},
				"down": {"uv": [0, 7, 16, 16], "rotation": 270, "texture": "#texture"}
			}
		},
		{
			"from": [-0.5, 7.36367, 17.36325],
			"to": [15.5, 7.36367, 25.36325],
			"shade": false,
			"rotation": {"angle": 0, "axis": "y", "origin": [0, -0.13633, 0.11325]},
			"faces": {
				"north": {"uv": [0, 0, 0, 0], "texture": "#texture"},
				"east": {"uv": [0, 0, 0, 0], "texture": "#texture"},
				"south": {"uv": [0, 0, 0, 0], "texture": "#texture"},
				"west": {"uv": [0, 0, 0, 0], "texture": "#texture"},
				"up": {"uv": [0, 0, 16, 8], "rotation": 180, "texture": "#texture"},
				"down": {"uv": [0, 0, 16, 8], "texture": "#texture"}
			}
		},
		{
			"from": [-0.5, 7.36367, -9.36325],
			"to": [15.5, 7.36367, -1.36325],
			"shade": false,
			"rotation": {"angle": 0, "axis": "y", "origin": [0, -0.13633, 15.88675]},
			"faces": {
				"north": {"uv": [0, 0, 0, 0], "texture": "#texture"},
				"east": {"uv": [0, 0, 0, 0], "texture": "#texture"},
				"south": {"uv": [0, 0, 0, 0], "texture": "#texture"},
				"west": {"uv": [0, 0, 0, 0], "texture": "#texture"},
				"up": {"uv": [0, 8, 16, 0], "rotation": 180, "texture": "#texture"},
				"down": {"uv": [0, 8, 16, 0], "texture": "#texture"}
			}
		},
		{
			"from": [7.87107, -0.18924, 0],
			"to": [16.87107, -0.18924, 16],
			"shade": false,
			"rotation": {"angle": 45, "axis": "z", "origin": [8, 4.18233, 8]},
			"faces": {
				"north": {"uv": [0, 0, 0, 0], "texture": "#texture"},
				"east": {"uv": [0, 0, 0, 0], "texture": "#texture"},
				"south": {"uv": [0, 0, 0, 0], "texture": "#texture"},
				"west": {"uv": [0, 0, 0, 0], "texture": "#texture"},
				"up": {"uv": [0, 16, 16, 7], "rotation": 270, "texture": "#texture"},
				"down": {"uv": [0, 16, 16, 7], "rotation": 270, "texture": "#texture"}
			}
		},
		{
			"from": [-9.36325, 7.36367, 0],
			"to": [-1.36325, 7.36367, 16],
			"shade": false,
			"rotation": {"angle": 0, "axis": "y", "origin": [8, 5.77325, 8]},
			"faces": {
				"north": {"uv": [0, 0, 0, 0], "texture": "#texture"},
				"east": {"uv": [0, 0, 0, 0], "texture": "#texture"},
				"south": {"uv": [0, 0, 0, 0], "texture": "#texture"},
				"west": {"uv": [0, 0, 0, 0], "texture": "#texture"},
				"up": {"uv": [0, 0, 16, 8], "rotation": 270, "texture": "#texture"},
				"down": {"uv": [0, 0, 16, 8], "rotation": 270, "texture": "#texture"}
			}
		},
		{
			"from": [-0.5, 0.27773, 6.74612],
			"to": [15.5, 0.27773, 15.74612],
			"shade": false,
			"rotation": {"angle": -45, "axis": "x", "origin": [7.5, 5.77325, 8]},
			"faces": {
				"north": {"uv": [0, 0, 0, 0], "texture": "#texture"},
				"east": {"uv": [0, 0, 0, 0], "texture": "#texture"},
				"south": {"uv": [0, 0, 0, 0], "texture": "#texture"},
				"west": {"uv": [0, 0, 0, 0], "texture": "#texture"},
				"up": {"uv": [0, 7, 16, 16], "rotation": 180, "texture": "#texture"},
				"down": {"uv": [0, 7, 16, 16], "texture": "#texture"}
			}
		},
		{
			"from": [17.36325, 7.36367, 0],
			"to": [25.36325, 7.36367, 16],
			"shade": false,
			"rotation": {"angle": 0, "axis": "y", "origin": [8, 5.77325, 8]},
			"faces": {
				"north": {"uv": [0, 0, 0, 0], "texture": "#texture"},
				"east": {"uv": [0, 0, 0, 0], "texture": "#texture"},
				"south": {"uv": [0, 0, 0, 0], "texture": "#texture"},
				"west": {"uv": [0, 0, 0, 0], "texture": "#texture"},
				"up": {"uv": [0, 8, 16, 0], "rotation": 270, "texture": "#texture"},
				"down": {"uv": [0, 8, 16, 0], "rotation": 270, "texture": "#texture"}
			}
		},
		{
			"from": [-0.5, 0.27673, 0.25388],
			"to": [15.5, 0.27673, 9.25388],
			"shade": false,
			"rotation": {"angle": 45, "axis": "x", "origin": [7.5, 5.77325, 8]},
			"faces": {
				"north": {"uv": [0, 0, 0, 0], "texture": "#texture"},
				"east": {"uv": [0, 0, 0, 0], "texture": "#texture"},
				"south": {"uv": [0, 0, 0, 0], "texture": "#texture"},
				"west": {"uv": [0, 0, 0, 0], "texture": "#texture"},
				"up": {"uv": [0, 16, 16, 7], "rotation": 180, "texture": "#texture"},
				"down": {"uv": [0, 16, 16, 7], "texture": "#texture"}
			}
		}
	]
}