{
	"credit": "Made with Blockbench",
	"ambientocclusion": false,
	"textures": {
		"1": "block/chorus_plant_needles",
		"particle": "block/chorus_plant",
		"inside": "block/chorus_plant"
	},
	"elements": [
		{
			"from": [4, 4, 4],
			"to": [12, 12, 12],
			"faces": {
				"north": {"uv": [4, 4, 12, 12], "texture": "#inside"}
			}
		},
		{
			"from": [-0.24335, 8, 0.75807],
			"to": [-0.24335, 12, 5.75807],
			"rotation": {"angle": 45, "axis": "y", "origin": [-0.24335, 0, -0.24193]},
			"faces": {
				"north": {"uv": [0, 0, 0, 0], "texture": "#1"},
				"east": {"uv": [11, 0, 16, 4], "texture": "#1"},
				"south": {"uv": [0, 0, 0, 0], "texture": "#1"},
				"west": {"uv": [16, 0, 11, 4], "texture": "#1"},
				"up": {"uv": [0, 0, 0, 0], "rotation": 90, "texture": "#1"},
				"down": {"uv": [0, 0, 0, 0], "rotation": 270, "texture": "#1"}
			}
		},
		{
			"from": [16.24335, 2, 1.75807],
			"to": [16.24335, 14, 5.75807],
			"rotation": {"angle": -45, "axis": "y", "origin": [16.24335, 0, -0.24193]},
			"faces": {
				"north": {"uv": [0, 0, 0, 0], "texture": "#1"},
				"east": {"uv": [10, 0, 6, 12], "texture": "#1"},
				"south": {"uv": [0, 0, 0, 0], "texture": "#1"},
				"west": {"uv": [6, 0, 10, 12], "texture": "#1"},
				"up": {"uv": [0, 0, 0, 0], "rotation": 90, "texture": "#1"},
				"down": {"uv": [0, 0, 0, 0], "rotation": 270, "texture": "#1"}
			}
		},
		{
			"from": [16.24335, 4, 10.24193],
			"to": [16.24335, 12, 15.24193],
			"rotation": {"angle": 45, "axis": "y", "origin": [16.24335, 0, 16.24193]},
			"faces": {
				"north": {"uv": [0, 0, 0, 0], "texture": "#1"},
				"east": {"uv": [0, 8, 5, 16], "texture": "#1"},
				"south": {"uv": [0, 0, 0, 0], "texture": "#1"},
				"west": {"uv": [5, 8, 0, 16], "texture": "#1"},
				"up": {"uv": [0, 0, 0, 0], "rotation": 90, "texture": "#1"},
				"down": {"uv": [0, 0, 0, 0], "rotation": 270, "texture": "#1"}
			}
		},
		{
			"from": [-0.24335, 3, 10.24193],
			"to": [-0.24335, 15, 15.24193],
			"rotation": {"angle": -45, "axis": "y", "origin": [-0.24335, 0, 16.24193]},
			"faces": {
				"north": {"uv": [0, 0, 0, 0], "texture": "#1"},
				"east": {"uv": [11, 4, 16, 16], "texture": "#1"},
				"south": {"uv": [0, 0, 0, 0], "texture": "#1"},
				"west": {"uv": [16, 4, 11, 16], "texture": "#1"},
				"up": {"uv": [0, 0, 0, 0], "rotation": 90, "texture": "#1"},
				"down": {"uv": [0, 0, 0, 0], "rotation": 270, "texture": "#1"}
			}
		}
	]
}