{
  "variants": {
    "stage=0": [
      { "model": "block/acacia_sapling_stage_0"},
      { "model": "block/variated/plant/sapling/acacia/baby/acacia_sapling_stage_0_01"},
      { "model": "block/variated/plant/sapling/acacia/baby/acacia_sapling_stage_0_02"},
      { "model": "block/variated/plant/sapling/acacia/baby/acacia_sapling_stage_0_03"},
      { "model": "block/variated/plant/sapling/acacia/baby/acacia_sapling_stage_0_04"},
	  { "model": "block/variated/plant/sapling/acacia/baby/acacia_sapling_stage_0_05"}
    ],
    "stage=1": [
      { "model": "block/acacia_sapling"},
      { "model": "block/variated/plant/sapling/acacia/adult/block/acacia_sapling_01"},
      { "model": "block/variated/plant/sapling/acacia/adult/block/acacia_sapling_02"},
      { "model": "block/variated/plant/sapling/acacia/adult/block/acacia_sapling_03"},
      { "model": "block/variated/plant/sapling/acacia/adult/block/acacia_sapling_04"},
	  { "model": "block/variated/plant/sapling/acacia/adult/block/acacia_sapling_05"}
    ]
  }
}