{
  "variants": {
    "type=bottom": [
      { "model": "block/acacia_slab" },
      { "model": "block/planks/acacia_planks/acacia_slab_01" },
      { "model": "block/planks/acacia_planks/acacia_slab_02" },
      { "model": "block/planks/acacia_planks/acacia_slab_03" },
      { "model": "block/planks/acacia_planks/acacia_slab_04" },
	  { "model": "block/planks/acacia_planks/acacia_slab_05" }
    ],
    "type=top": [
      { "model": "block/acacia_slab_top" },
      { "model": "block/planks/acacia_planks/acacia_slab_top_01" },
      { "model": "block/planks/acacia_planks/acacia_slab_top_02" },
      { "model": "block/planks/acacia_planks/acacia_slab_top_03" },
      { "model": "block/planks/acacia_planks/acacia_slab_top_04" },
	  { "model": "block/planks/acacia_planks/acacia_slab_top_05" }
    ],
    "type=double": [
      { "model": "block/acacia_planks" },
      { "model": "block/planks/acacia_planks/acacia_planks_01" },
      { "model": "block/planks/acacia_planks/acacia_planks_02" },
      { "model": "block/planks/acacia_planks/acacia_planks_03" },
      { "model": "block/planks/acacia_planks/acacia_planks_04" },
	  { "model": "block/planks/acacia_planks/acacia_planks_05" }
    ]
  }
}