{
  "variants": {
    "": [
	{
      "model": "minecraft:block/bamboo_sapling"
    },
	{
      "model": "minecraft:block/variated/plant/sapling/bamboo/bamboo_sapling_01"
    },
	{
      "model": "minecraft:block/variated/plant/sapling/bamboo/bamboo_sapling_02"
    },
	{
      "model": "minecraft:block/variated/plant/sapling/bamboo/bamboo_sapling_03"
    },
	{
      "model": "minecraft:block/variated/plant/sapling/bamboo/bamboo_sapling_04"
    },
	{
      "model": "minecraft:block/variated/plant/sapling/bamboo/bamboo_sapling_05"
    }
   ]
  }
}