{"variants":{"facing=east":[{"model":"minecraft:block/big_dripleaf_stem","y":90,"weight":2},{"model":"minecraft:block/big_dripleaf_stem_with_leaf_1","y":90,"weight":1},{"model":"minecraft:block/big_dripleaf_stem_with_leaf_2","y":90,"weight":1}],"facing=north":[{"model":"minecraft:block/big_dripleaf_stem","weight":2},{"model":"minecraft:block/big_dripleaf_stem_with_leaf_1","weight":1},{"model":"minecraft:block/big_dripleaf_stem_with_leaf_2","weight":1}],"facing=south":[{"model":"minecraft:block/big_dripleaf_stem","y":180,"weight":2},{"model":"minecraft:block/big_dripleaf_stem_with_leaf_1","y":180,"weight":1},{"model":"minecraft:block/big_dripleaf_stem_with_leaf_2","y":180,"weight":1}],"facing=west":[{"model":"minecraft:block/big_dripleaf_stem","y":270,"weight":2},{"model":"minecraft:block/big_dripleaf_stem_with_leaf_1","y":270,"weight":1},{"model":"minecraft:block/big_dripleaf_stem_with_leaf_2","y":270,"weight":1}]}}