{
	"variants": {
		"": [
			{
				"model": "block/blue_orchid"
			},
			{
				"model": "block/variated/plant/blue_orchid/block/blue_orchid_01"
			},
			{
				"model": "block/variated/plant/blue_orchid/block/blue_orchid_02"
			},
			{
				"model": "block/variated/plant/blue_orchid/block/blue_orchid_03"
			},
			{
				"model": "block/variated/plant/blue_orchid/block/blue_orchid_04"
			},
			{
				"model": "block/variated/plant/blue_orchid/block/blue_orchid_05"
			},
			{
				"model": "block/variated/plant/blue_orchid/block/blue_orchid_06"
			},
			{
				"model": "block/variated/plant/blue_orchid/block/blue_orchid_07"
			}
		]
	}
}