{
  "variants": {

    "type=bottom": [
      {"model": "block/brick_slab"},
      {"model": "block/variated/bricks/slab/brick_slab_01"},
      {"model": "block/variated/bricks/slab/brick_slab_02"}
    ],
	
    "type=top": [
      {"model": "block/brick_slab_top"},
      {"model": "block/variated/bricks/slab_top/brick_slab_top_01"},
      {"model": "block/variated/bricks/slab_top/brick_slab_top_02"}
    ],
	
    "type=double": [
      {"model": "block/bricks"},
      {"model": "block/variated/bricks/bricks_01"},
      {"model": "block/variated/bricks/bricks_02"}
    ]
  }
}