{
"multipart": [
  {
    "when": {
    "up": "true"
    },
  "apply": [
	{"model": "minecraft:block/brick_wall_post"},
	{"model": "minecraft:block/walls/brick/brick_wall_post_01"},
	{"model": "minecraft:block/walls/brick/brick_wall_post_02"}
  ]
},
{
  "when": {
	"north": "low"
  },
  "apply": [
	{"model": "minecraft:block/brick_wall_side", "uvlock": true},
	{"model": "minecraft:block/walls/brick/brick_wall_side_01", "uvlock": true},
	{"model": "minecraft:block/walls/brick/brick_wall_side_02", "uvlock": true}
  ]
},
{
  "when": {
	"east": "low"
  },
  "apply": [
   {"model": "minecraft:block/brick_wall_side", "uvlock": true, "y": 90},
   {"model": "minecraft:block/walls/brick/brick_wall_side_01", "uvlock": true, "y": 90},
   {"model": "minecraft:block/walls/brick/brick_wall_side_02", "uvlock": true, "y": 90}
  ]
},
{
  "when": {
	"south": "low"
  },
  "apply": [
   {"model": "minecraft:block/brick_wall_side", "uvlock": true, "y": 180},
   {"model": "minecraft:block/walls/brick/brick_wall_side_01", "uvlock": true, "y": 180},
   {"model": "minecraft:block/walls/brick/brick_wall_side_02", "uvlock": true, "y": 180}
  ]
},
{
  "when": {
	"west": "low"
  },
  "apply": [
   {"model": "minecraft:block/brick_wall_side", "uvlock": true, "y": 270},
   {"model": "minecraft:block/walls/brick/brick_wall_side_01", "uvlock": true, "y": 270},
   {"model": "minecraft:block/walls/brick/brick_wall_side_02", "uvlock": true, "y": 270}
  ]
},
{
  "when": {
	"north": "tall"
  },
  "apply": [
   {"model": "minecraft:block/brick_wall_side_tall", "uvlock": true},
   {"model": "minecraft:block/walls/brick/brick_wall_side_tall_01", "uvlock": true},
   {"model": "minecraft:block/walls/brick/brick_wall_side_tall_02", "uvlock": true}
  ]
},
{
  "when": {
	"east": "tall"
  },
  "apply": [
   {"model": "minecraft:block/brick_wall_side_tall", "uvlock": true, "y": 90},
   {"model": "minecraft:block/walls/brick/brick_wall_side_tall_01", "uvlock": true, "y": 90},
   {"model": "minecraft:block/walls/brick/brick_wall_side_tall_02", "uvlock": true, "y": 90}
  ]
},
{
  "when": {
	"south": "tall"
  },
  "apply": [
   {"model": "minecraft:block/brick_wall_side_tall", "uvlock": true, "y": 180},
   {"model": "minecraft:block/walls/brick/brick_wall_side_tall_01", "uvlock": true, "y": 180},
   {"model": "minecraft:block/walls/brick/brick_wall_side_tall_02", "uvlock": true, "y": 180}
  ]
},
{
  "when": {
	"west": "tall"
  },
  "apply": [
   {"model": "minecraft:block/brick_wall_side_tall", "uvlock": true, "y": 270},
   {"model": "minecraft:block/walls/brick/brick_wall_side_tall_01", "uvlock": true, "y": 270},
   {"model": "minecraft:block/walls/brick/brick_wall_side_tall_02", "uvlock": true, "y": 270}
  ]
}
]
}