{
	"variants": {
		"": [
			{
				"model": "block/brown_mushroom"
			},
			{
				"model": "block/variated/plant/brown_mushroom/block/brown_mushroom_01"
			},
			{
				"model": "block/variated/plant/brown_mushroom/block/brown_mushroom_02"
			},
			{
				"model": "block/variated/plant/brown_mushroom/block/brown_mushroom_03"
			},
			{
				"model": "block/variated/plant/brown_mushroom/block/brown_mushroom_04"
			},
			{
				"model": "block/variated/plant/brown_mushroom/block/brown_mushroom_05"
			}
		]
	}
}