{
  "variants": {
    "stage=0": [
      { "model": "block/cherry_sapling_stage_0"},
      { "model": "block/variated/plant/sapling/cherry/baby/cherry_sapling_stage_0_01"},
      { "model": "block/variated/plant/sapling/cherry/baby/cherry_sapling_stage_0_02"},
      { "model": "block/variated/plant/sapling/cherry/baby/cherry_sapling_stage_0_03"},
      { "model": "block/variated/plant/sapling/cherry/baby/cherry_sapling_stage_0_04"},
	  { "model": "block/variated/plant/sapling/cherry/baby/cherry_sapling_stage_0_05"}
    ],
    "stage=1": [
      { "model": "block/cherry_sapling"},
      { "model": "block/variated/plant/sapling/cherry/adult/block/cherry_sapling_01"},
      { "model": "block/variated/plant/sapling/cherry/adult/block/cherry_sapling_02"},
      { "model": "block/variated/plant/sapling/cherry/adult/block/cherry_sapling_03"},
      { "model": "block/variated/plant/sapling/cherry/adult/block/cherry_sapling_04"},
	  { "model": "block/variated/plant/sapling/cherry/adult/block/cherry_sapling_05"}
    ]
  }
}