{
  "variants": {
    "type=bottom": [
      { "model": "block/cherry_slab" },
      { "model": "block/planks/cherry_planks/cherry_slab_01" },
      { "model": "block/planks/cherry_planks/cherry_slab_02" },
      { "model": "block/planks/cherry_planks/cherry_slab_03" },
      { "model": "block/planks/cherry_planks/cherry_slab_04" },
	  { "model": "block/planks/cherry_planks/cherry_slab_05" }
    ],
    "type=top": [
      { "model": "block/cherry_slab_top" },
      { "model": "block/planks/cherry_planks/cherry_slab_top_01" },
      { "model": "block/planks/cherry_planks/cherry_slab_top_02" },
      { "model": "block/planks/cherry_planks/cherry_slab_top_03" },
      { "model": "block/planks/cherry_planks/cherry_slab_top_04" },
	  { "model": "block/planks/cherry_planks/cherry_slab_top_05" }
    ],
    "type=double": [
      { "model": "block/cherry_planks" },
      { "model": "block/planks/cherry_planks/cherry_planks_01" },
      { "model": "block/planks/cherry_planks/cherry_planks_02" },
      { "model": "block/planks/cherry_planks/cherry_planks_03" },
      { "model": "block/planks/cherry_planks/cherry_planks_04" },
	  { "model": "block/planks/cherry_planks/cherry_planks_05" }
    ]
  }
}