{
  "variants": {
    "": [
      {
        "model": "minecraft:block/coarse_dirt"
      },
      {
        "model": "minecraft:block/coarse_dirt",
        "y": 90
      },
      {
        "model": "minecraft:block/coarse_dirt",
        "y": 180
      },
      {
        "model": "minecraft:block/coarse_dirt",
        "y": 270
      },
	  {
        "model": "minecraft:block/variated/dirt/coarse_dirt/coarse_dirt_01"
      },
      {
        "model": "minecraft:block/variated/dirt/coarse_dirt/coarse_dirt_01",
        "y": 90
      },
      {
        "model": "minecraft:block/variated/dirt/coarse_dirt/coarse_dirt_01",
        "y": 180
      },
      {
        "model": "minecraft:block/variated/dirt/coarse_dirt/coarse_dirt_01",
        "y": 270
      },
	  {
        "model": "minecraft:block/variated/dirt/coarse_dirt/coarse_dirt_02"
      },
      {
        "model": "minecraft:block/variated/dirt/coarse_dirt/coarse_dirt_02",
        "y": 90
      },
      {
        "model": "minecraft:block/variated/dirt/coarse_dirt/coarse_dirt_02",
        "y": 180
      },
      {
        "model": "minecraft:block/variated/dirt/coarse_dirt/coarse_dirt_02",
        "y": 270
      },
	  {
        "model": "minecraft:block/variated/dirt/coarse_dirt/coarse_dirt_03"
      },
      {
        "model": "minecraft:block/variated/dirt/coarse_dirt/coarse_dirt_03",
        "y": 90
      },
      {
        "model": "minecraft:block/variated/dirt/coarse_dirt/coarse_dirt_03",
        "y": 180
      },
      {
        "model": "minecraft:block/variated/dirt/coarse_dirt/coarse_dirt_03",
        "y": 270
      },
	  {
        "model": "minecraft:block/variated/dirt/coarse_dirt/coarse_dirt_04"
      },
      {
        "model": "minecraft:block/variated/dirt/coarse_dirt/coarse_dirt_04",
        "y": 90
      },
      {
        "model": "minecraft:block/variated/dirt/coarse_dirt/coarse_dirt_04",
        "y": 180
      },
      {
        "model": "minecraft:block/variated/dirt/coarse_dirt/coarse_dirt_04",
        "y": 270
      },
	  {
        "model": "minecraft:block/variated/dirt/coarse_dirt/coarse_dirt_05"
      },
      {
        "model": "minecraft:block/variated/dirt/coarse_dirt/coarse_dirt_05",
        "y": 90
      },
      {
        "model": "minecraft:block/variated/dirt/coarse_dirt/coarse_dirt_05",
        "y": 180
      },
      {
        "model": "minecraft:block/variated/dirt/coarse_dirt/coarse_dirt_05",
        "y": 270
      }
    ]
  }
}