{
"multipart": [
  {
    "when": {
    "up": "true"
    },
  "apply": [
	{"model": "minecraft:block/cobblestone_wall_post"},
	{"model": "minecraft:block/walls/cobblestone/cobblestone_wall_post_01"},
	{"model": "minecraft:block/walls/cobblestone/cobblestone_wall_post_02"},
	{"model": "minecraft:block/walls/cobblestone/cobblestone_wall_post_03"},
	{"model": "minecraft:block/walls/cobblestone/cobblestone_wall_post_04"},
	{"model": "minecraft:block/walls/cobblestone/cobblestone_wall_post_05"},
	{"model": "minecraft:block/walls/cobblestone/cobblestone_wall_post_06"},
	{"model": "minecraft:block/walls/cobblestone/cobblestone_wall_post_07"}
  ]
},
{
  "when": {
	"north": "low"
  },
  "apply": [
	{"model": "minecraft:block/cobblestone_wall_side", "uvlock": true},
	{"model": "minecraft:block/walls/cobblestone/cobblestone_wall_side_01", "uvlock": true},
	{"model": "minecraft:block/walls/cobblestone/cobblestone_wall_side_02", "uvlock": true},
	{"model": "minecraft:block/walls/cobblestone/cobblestone_wall_side_03", "uvlock": true},
    {"model": "minecraft:block/walls/cobblestone/cobblestone_wall_side_04", "uvlock": true},
	{"model": "minecraft:block/walls/cobblestone/cobblestone_wall_side_05", "uvlock": true},
	{"model": "minecraft:block/walls/cobblestone/cobblestone_wall_side_06", "uvlock": true},
    {"model": "minecraft:block/walls/cobblestone/cobblestone_wall_side_07", "uvlock": true}
  ]
},
{
  "when": {
	"east": "low"
  },
  "apply": [
   {"model": "minecraft:block/cobblestone_wall_side", "uvlock": true, "y": 90},
   {"model": "minecraft:block/walls/cobblestone/cobblestone_wall_side_01", "uvlock": true, "y": 90},
   {"model": "minecraft:block/walls/cobblestone/cobblestone_wall_side_02", "uvlock": true, "y": 90},
   {"model": "minecraft:block/walls/cobblestone/cobblestone_wall_side_03", "uvlock": true, "y": 90},
   {"model": "minecraft:block/walls/cobblestone/cobblestone_wall_side_04", "uvlock": true, "y": 90},
   {"model": "minecraft:block/walls/cobblestone/cobblestone_wall_side_05", "uvlock": true, "y": 90},
   {"model": "minecraft:block/walls/cobblestone/cobblestone_wall_side_06", "uvlock": true, "y": 90},
   {"model": "minecraft:block/walls/cobblestone/cobblestone_wall_side_07", "uvlock": true, "y": 90}
  ]
},
{
  "when": {
	"south": "low"
  },
  "apply": [
   {"model": "minecraft:block/cobblestone_wall_side", "uvlock": true, "y": 180},
   {"model": "minecraft:block/walls/cobblestone/cobblestone_wall_side_01", "uvlock": true, "y": 180},
   {"model": "minecraft:block/walls/cobblestone/cobblestone_wall_side_02", "uvlock": true, "y": 180},
   {"model": "minecraft:block/walls/cobblestone/cobblestone_wall_side_03", "uvlock": true, "y": 180},
   {"model": "minecraft:block/walls/cobblestone/cobblestone_wall_side_04", "uvlock": true, "y": 180},
   {"model": "minecraft:block/walls/cobblestone/cobblestone_wall_side_05", "uvlock": true, "y": 180},
   {"model": "minecraft:block/walls/cobblestone/cobblestone_wall_side_06", "uvlock": true, "y": 180},
   {"model": "minecraft:block/walls/cobblestone/cobblestone_wall_side_07", "uvlock": true, "y": 180}
  ]
},
{
  "when": {
	"west": "low"
  },
  "apply": [
   {"model": "minecraft:block/cobblestone_wall_side", "uvlock": true, "y": 270},
   {"model": "minecraft:block/walls/cobblestone/cobblestone_wall_side_01", "uvlock": true, "y": 270},
   {"model": "minecraft:block/walls/cobblestone/cobblestone_wall_side_02", "uvlock": true, "y": 270},
   {"model": "minecraft:block/walls/cobblestone/cobblestone_wall_side_03", "uvlock": true, "y": 270},
   {"model": "minecraft:block/walls/cobblestone/cobblestone_wall_side_04", "uvlock": true, "y": 270},
   {"model": "minecraft:block/walls/cobblestone/cobblestone_wall_side_05", "uvlock": true, "y": 270},
   {"model": "minecraft:block/walls/cobblestone/cobblestone_wall_side_06", "uvlock": true, "y": 270},
   {"model": "minecraft:block/walls/cobblestone/cobblestone_wall_side_07", "uvlock": true, "y": 270}
  ]
},
{
  "when": {
	"north": "tall"
  },
  "apply": [
   {"model": "minecraft:block/cobblestone_wall_side_tall", "uvlock": true},
   {"model": "minecraft:block/walls/cobblestone/cobblestone_wall_side_tall_01", "uvlock": true},
   {"model": "minecraft:block/walls/cobblestone/cobblestone_wall_side_tall_02", "uvlock": true},
   {"model": "minecraft:block/walls/cobblestone/cobblestone_wall_side_tall_03", "uvlock": true},
   {"model": "minecraft:block/walls/cobblestone/cobblestone_wall_side_tall_04", "uvlock": true},
   {"model": "minecraft:block/walls/cobblestone/cobblestone_wall_side_tall_05", "uvlock": true},
   {"model": "minecraft:block/walls/cobblestone/cobblestone_wall_side_tall_06", "uvlock": true},
   {"model": "minecraft:block/walls/cobblestone/cobblestone_wall_side_tall_07", "uvlock": true}
  ]
},
{
  "when": {
	"east": "tall"
  },
  "apply": [
   {"model": "minecraft:block/cobblestone_wall_side_tall", "uvlock": true, "y": 90},
   {"model": "minecraft:block/walls/cobblestone/cobblestone_wall_side_tall_01", "uvlock": true, "y": 90},
   {"model": "minecraft:block/walls/cobblestone/cobblestone_wall_side_tall_02", "uvlock": true, "y": 90},
   {"model": "minecraft:block/walls/cobblestone/cobblestone_wall_side_tall_03", "uvlock": true, "y": 90},
   {"model": "minecraft:block/walls/cobblestone/cobblestone_wall_side_tall_04", "uvlock": true, "y": 90},
   {"model": "minecraft:block/walls/cobblestone/cobblestone_wall_side_tall_05", "uvlock": true, "y": 90},
   {"model": "minecraft:block/walls/cobblestone/cobblestone_wall_side_tall_06", "uvlock": true, "y": 90},
   {"model": "minecraft:block/walls/cobblestone/cobblestone_wall_side_tall_07", "uvlock": true, "y": 90}
  ]
},
{
  "when": {
	"south": "tall"
  },
  "apply": [
   {"model": "minecraft:block/cobblestone_wall_side_tall", "uvlock": true, "y": 180},
   {"model": "minecraft:block/walls/cobblestone/cobblestone_wall_side_tall_01", "uvlock": true, "y": 180},
   {"model": "minecraft:block/walls/cobblestone/cobblestone_wall_side_tall_02", "uvlock": true, "y": 180},
   {"model": "minecraft:block/walls/cobblestone/cobblestone_wall_side_tall_03", "uvlock": true, "y": 180},
   {"model": "minecraft:block/walls/cobblestone/cobblestone_wall_side_tall_04", "uvlock": true, "y": 180},
   {"model": "minecraft:block/walls/cobblestone/cobblestone_wall_side_tall_05", "uvlock": true, "y": 180},
   {"model": "minecraft:block/walls/cobblestone/cobblestone_wall_side_tall_06", "uvlock": true, "y": 180},
   {"model": "minecraft:block/walls/cobblestone/cobblestone_wall_side_tall_07", "uvlock": true, "y": 180}
  ]
},
{
  "when": {
	"west": "tall"
  },
  "apply": [
   {"model": "minecraft:block/cobblestone_wall_side_tall", "uvlock": true, "y": 270},
   {"model": "minecraft:block/walls/cobblestone/cobblestone_wall_side_tall_01", "uvlock": true, "y": 270},
   {"model": "minecraft:block/walls/cobblestone/cobblestone_wall_side_tall_02", "uvlock": true, "y": 270},
   {"model": "minecraft:block/walls/cobblestone/cobblestone_wall_side_tall_03", "uvlock": true, "y": 270},
   {"model": "minecraft:block/walls/cobblestone/cobblestone_wall_side_tall_04", "uvlock": true, "y": 270},
   {"model": "minecraft:block/walls/cobblestone/cobblestone_wall_side_tall_05", "uvlock": true, "y": 270},
   {"model": "minecraft:block/walls/cobblestone/cobblestone_wall_side_tall_06", "uvlock": true, "y": 270},
   {"model": "minecraft:block/walls/cobblestone/cobblestone_wall_side_tall_07", "uvlock": true, "y": 270}
  ]
}
]
}