{
  "variants": {

    "type=bottom": [
      {"model": "block/cobblestone_slab"},
      {"model": "block/variated/cobblestone/slab/cobblestone_slab_01"},
      {"model": "block/variated/cobblestone/slab/cobblestone_slab_02"},
      {"model": "block/variated/cobblestone/slab/cobblestone_slab_03"},
      {"model": "block/variated/cobblestone/slab/cobblestone_slab_04"},
      {"model": "block/variated/cobblestone/slab/cobblestone_slab_05"},
      {"model": "block/variated/cobblestone/slab/cobblestone_slab_06"},
      {"model": "block/variated/cobblestone/slab/cobblestone_slab_07"}
    ],
	
    "type=top": [
      {"model": "block/cobblestone_slab_top"},
      {"model": "block/variated/cobblestone/slab_top/cobblestone_slab_top_01"},
      {"model": "block/variated/cobblestone/slab_top/cobblestone_slab_top_02"},
      {"model": "block/variated/cobblestone/slab_top/cobblestone_slab_top_03"},
      {"model": "block/variated/cobblestone/slab_top/cobblestone_slab_top_04"},
      {"model": "block/variated/cobblestone/slab_top/cobblestone_slab_top_05"},
      {"model": "block/variated/cobblestone/slab_top/cobblestone_slab_top_06"},
      {"model": "block/variated/cobblestone/slab_top/cobblestone_slab_top_07"}
    ],
	
    "type=double": [
      {"model": "block/cobblestone"},
      {"model": "block/variated/cobblestone/cobblestone_01"},
      {"model": "block/variated/cobblestone/cobblestone_02"},
      {"model": "block/variated/cobblestone/cobblestone_03"},
      {"model": "block/variated/cobblestone/cobblestone_04"},
      {"model": "block/variated/cobblestone/cobblestone_05"},
      {"model": "block/variated/cobblestone/cobblestone_06"},
      {"model": "block/variated/cobblestone/cobblestone_07"}
    ]
  }
}