{
  "variants": {

    "type=bottom": [
      {"model": "block/cobbled_deepslate_slab"},
      {"model": "block/variated/deepslate/cobbled_deepslate/slab/cobbled_deepslate_slab_01"},
      {"model": "block/variated/deepslate/cobbled_deepslate/slab/cobbled_deepslate_slab_02"}
    ],
	
    "type=top": [
      {"model": "block/cobbled_deepslate_slab_top"},
      {"model": "block/variated/deepslate/cobbled_deepslate/slab_top/cobbled_deepslate_slab_top_01"},
      {"model": "block/variated/deepslate/cobbled_deepslate/slab_top/cobbled_deepslate_slab_top_02"}
    ],
	
    "type=double": [
      {"model": "block/cobbled_deepslate"},
      {"model": "block/variated/deepslate/cobbled_deepslate/cobbled_deepslate_01"},
      {"model": "block/variated/deepslate/cobbled_deepslate/cobbled_deepslate_02"}
    ]
  }
}