{
  "variants": {
    "": [
      {
        "model": "block/cobblestone"
      },
      {
        "model": "block/variated/cobblestone/cobblestone_01"
      },
      {
        "model": "block/variated/cobblestone/cobblestone_02"
      },
      {
        "model": "block/variated/cobblestone/cobblestone_03"
      },
      {
        "model": "block/variated/cobblestone/cobblestone_04"
      },
      {
        "model": "block/variated/cobblestone/cobblestone_05"
      },
      {
        "model": "block/variated/cobblestone/cobblestone_06"
      },
      {
        "model": "block/variated/cobblestone/cobblestone_07"
      }
    ]
  }
}