{
	"variants": {
		"": [
			{
				"model": "block/dandelion"
			},
			{
				"model": "block/variated/plant/dandelion/block/dandelion_01"
			},
			{
				"model": "block/variated/plant/dandelion/block/dandelion_02"
			},
			{
				"model": "block/variated/plant/dandelion/block/dandelion_03"
			},
			{
				"model": "block/variated/plant/dandelion/block/dandelion_04"
			},
			{
				"model": "block/variated/plant/dandelion/block/dandelion_05"
			},
			{
				"model": "block/variated/plant/dandelion/block/dandelion_06"
			},
			{
				"model": "block/variated/plant/dandelion/block/dandelion_07"
			}
		]
	}
}