{
	"variants": {
		"": [
			{
				"model": "block/dead_bush"
			},
			{
				"model": "block/variated/plant/dead_bush/block/dead_bush_01"
			},
			{
				"model": "block/variated/plant/dead_bush/block/dead_bush_02"
			},
			{
				"model": "block/variated/plant/dead_bush/block/dead_bush_03"
			},
			{
				"model": "block/variated/plant/dead_bush/block/dead_bush_04"
			},
			{
				"model": "block/variated/plant/dead_bush/block/dead_bush_05"
			},
			{
				"model": "block/variated/plant/dead_bush/block/dead_bush_06"
			},
			{
				"model": "block/variated/plant/dead_bush/block/dead_bush_07"
			},
			{
				"model": "block/variated/plant/dead_bush/block/dead_bush_08"
			},
			{
				"model": "block/variated/plant/dead_bush/block/dead_bush_09"
			},
			{
				"model": "block/variated/plant/dead_bush/block/dead_bush_10"
			}
		]
	}
}