{
  "variants": {
    "type=bottom": [
      { "model": "block/deepslate_tile_slab" },
      { "model": "block/variated/deepslate/deepslate_tiles/deepslate_tile_slab_01" },
      { "model": "block/variated/deepslate/deepslate_tiles/deepslate_tile_slab_02" }
    ],
    "type=top": [
      { "model": "block/deepslate_tile_slab_top" },
      { "model": "block/variated/deepslate/deepslate_tiles/deepslate_tile_slab_top_01" },
      { "model": "block/variated/deepslate/deepslate_tiles/deepslate_tile_slab_top_02" }
    ],
    "type=double": [
      { "model": "block/deepslate_tiles" },
      { "model": "block/variated/deepslate/deepslate_tiles/deepslate_tiles_01" },
      { "model": "block/variated/deepslate/deepslate_tiles/deepslate_tiles_02" }
    ]
  }
}