{"variants":{"":[{"model":"minecraft:block/diorite"},{"model":"minecraft:block/diorite","x":90},{"model":"minecraft:block/diorite","x":180},{"model":"minecraft:block/diorite","x":270},{"model":"minecraft:block/diorite","y":90},{"model":"minecraft:block/diorite","y":90,"x":90},{"model":"minecraft:block/diorite","y":90,"x":180},{"model":"minecraft:block/diorite","y":90,"x":270},{"model":"minecraft:block/diorite","y":180},{"model":"minecraft:block/diorite","y":180,"x":90},{"model":"minecraft:block/diorite","y":180,"x":180},{"model":"minecraft:block/diorite","y":180,"x":270},{"model":"minecraft:block/diorite","y":270},{"model":"minecraft:block/diorite","y":270,"x":90},{"model":"minecraft:block/diorite","y":270,"x":180},{"model":"minecraft:block/diorite","y":270,"x":270}]}}