{
  "variants": {
    "": [
      {
        "model": "minecraft:block/dirt"
      },
      {
        "model": "minecraft:block/dirt",
        "y": 90
      },
      {
        "model": "minecraft:block/dirt",
        "y": 180
      },
      {
        "model": "minecraft:block/dirt",
        "y": 270
      },
	  {
        "model": "minecraft:block/variated/dirt/dirt_01"
      },
      {
        "model": "minecraft:block/variated/dirt/dirt_01",
        "y": 90
      },
      {
        "model": "minecraft:block/variated/dirt/dirt_01",
        "y": 180
      },
      {
        "model": "minecraft:block/variated/dirt/dirt_01",
        "y": 270
      },
	  {
        "model": "minecraft:block/variated/dirt/dirt_02"
      },
      {
        "model": "minecraft:block/variated/dirt/dirt_02",
        "y": 90
      },
      {
        "model": "minecraft:block/variated/dirt/dirt_02",
        "y": 180
      },
      {
        "model": "minecraft:block/variated/dirt/dirt_02",
        "y": 270
      },
	  {
        "model": "minecraft:block/variated/dirt/dirt_03"
      },
      {
        "model": "minecraft:block/variated/dirt/dirt_03",
        "y": 90
      },
      {
        "model": "minecraft:block/variated/dirt/dirt_03",
        "y": 180
      },
      {
        "model": "minecraft:block/variated/dirt/dirt_03",
        "y": 270
      },
	  {
        "model": "minecraft:block/variated/dirt/dirt_04"
      },
      {
        "model": "minecraft:block/variated/dirt/dirt_04",
        "y": 90
      },
      {
        "model": "minecraft:block/variated/dirt/dirt_04",
        "y": 180
      },
      {
        "model": "minecraft:block/variated/dirt/dirt_04",
        "y": 270
      },
	  {
        "model": "minecraft:block/variated/dirt/dirt_05"
      },
      {
        "model": "minecraft:block/variated/dirt/dirt_05",
        "y": 90
      },
      {
        "model": "minecraft:block/variated/dirt/dirt_05",
        "y": 180
      },
      {
        "model": "minecraft:block/variated/dirt/dirt_05",
        "y": 270
      }
    ]
  }
}