{
  "variants": {
    "": [
      {
        "model": "minecraft:block/dirt_path"
      },
      {
        "model": "minecraft:block/dirt_path",
        "y": 90
      },
      {
        "model": "minecraft:block/dirt_path",
        "y": 180
      },
      {
        "model": "minecraft:block/dirt_path",
        "y": 270
      },
	  {
        "model": "minecraft:block/variated/grass_block/dirt_path/dirt_path_01"
      },
      {
        "model": "minecraft:block/variated/grass_block/dirt_path/dirt_path_01",
        "y": 90
      },
      {
        "model": "minecraft:block/variated/grass_block/dirt_path/dirt_path_01",
        "y": 180
      },
      {
        "model": "minecraft:block/variated/grass_block/dirt_path/dirt_path_01",
        "y": 270
      },
	  {
        "model": "minecraft:block/variated/grass_block/dirt_path/dirt_path_02"
      },
      {
        "model": "minecraft:block/variated/grass_block/dirt_path/dirt_path_02",
        "y": 90
      },
      {
        "model": "minecraft:block/variated/grass_block/dirt_path/dirt_path_02",
        "y": 180
      },
      {
        "model": "minecraft:block/variated/grass_block/dirt_path/dirt_path_02",
        "y": 270
      }
    ]
  }
}