{
  "variants": {
    
	"facing=east,half=bottom,shape=straight": [
	  {"model":"block/end_stone_brick_stairs"},
	  {"model":"block/variated/end_stone_bricks/stairs/end_stone_brick_stairs_01"},
	  {"model":"block/variated/end_stone_bricks/stairs/end_stone_brick_stairs_02"},
	  {"model":"block/variated/end_stone_bricks/stairs/end_stone_brick_stairs_03"}
	],
	"facing=west,half=bottom,shape=straight": [
	  {"model":"block/end_stone_brick_stairs","y":180,"uvlock":true},
	  {"model":"block/variated/end_stone_bricks/stairs/end_stone_brick_stairs_01","y":180,"uvlock":true},
	  {"model":"block/variated/end_stone_bricks/stairs/end_stone_brick_stairs_02","y":180,"uvlock":true},
	  {"model":"block/variated/end_stone_bricks/stairs/end_stone_brick_stairs_03","y":180,"uvlock":true}
	],
	"facing=south,half=bottom,shape=straight":[ 
	  {"model":"block/end_stone_brick_stairs","y":90,"uvlock":true},
	  {"model":"block/variated/end_stone_bricks/stairs/end_stone_brick_stairs_01","y":90,"uvlock":true},
	  {"model":"block/variated/end_stone_bricks/stairs/end_stone_brick_stairs_02","y":90,"uvlock":true},
	  {"model":"block/variated/end_stone_bricks/stairs/end_stone_brick_stairs_03","y":90,"uvlock":true}
	],
	"facing=north,half=bottom,shape=straight":[ 
	  {"model":"block/end_stone_brick_stairs","y":270,"uvlock":true},
	  {"model":"block/variated/end_stone_bricks/stairs/end_stone_brick_stairs_01","y":270,"uvlock":true},
	  {"model":"block/variated/end_stone_bricks/stairs/end_stone_brick_stairs_02","y":270,"uvlock":true},
	  {"model":"block/variated/end_stone_bricks/stairs/end_stone_brick_stairs_03","y":270,"uvlock":true}
	],
	"facing=east,half=bottom,shape=outer_right":[ 
	  {"model":"block/end_stone_brick_stairs_outer"},
	  {"model":"block/variated/end_stone_bricks/stairs_outer/end_stone_brick_stairs_outer_01"},
	  {"model":"block/variated/end_stone_bricks/stairs_outer/end_stone_brick_stairs_outer_02"},
	  {"model":"block/variated/end_stone_bricks/stairs_outer/end_stone_brick_stairs_outer_03"}
	],
	"facing=west,half=bottom,shape=outer_right": [ 
	  {"model":"block/end_stone_brick_stairs_outer","y":180,"uvlock":true},
	  {"model":"block/variated/end_stone_bricks/stairs_outer/end_stone_brick_stairs_outer_01","y":180,"uvlock":true},
	  {"model":"block/variated/end_stone_bricks/stairs_outer/end_stone_brick_stairs_outer_02","y":180,"uvlock":true},
	  {"model":"block/variated/end_stone_bricks/stairs_outer/end_stone_brick_stairs_outer_03","y":180,"uvlock":true}
	],
	"facing=south,half=bottom,shape=outer_right": [
	  {"model":"block/end_stone_brick_stairs_outer","y":90,"uvlock":true},
	  {"model":"block/variated/end_stone_bricks/stairs_outer/end_stone_brick_stairs_outer_01","y":90,"uvlock":true},
	  {"model":"block/variated/end_stone_bricks/stairs_outer/end_stone_brick_stairs_outer_02","y":90,"uvlock":true},
	  {"model":"block/variated/end_stone_bricks/stairs_outer/end_stone_brick_stairs_outer_03","y":90,"uvlock":true}
	],
	"facing=north,half=bottom,shape=outer_right": [
	  {"model":"block/end_stone_brick_stairs_outer","y":270,"uvlock":true},
	  {"model":"block/variated/end_stone_bricks/stairs_outer/end_stone_brick_stairs_outer_01","y":270,"uvlock":true},
	  {"model":"block/variated/end_stone_bricks/stairs_outer/end_stone_brick_stairs_outer_02","y":270,"uvlock":true},
	  {"model":"block/variated/end_stone_bricks/stairs_outer/end_stone_brick_stairs_outer_03","y":270,"uvlock":true}
	],
	"facing=east,half=bottom,shape=outer_left": [
	  {"model":"block/end_stone_brick_stairs_outer","y":270,"uvlock":true},
	  {"model":"block/variated/end_stone_bricks/stairs_outer/end_stone_brick_stairs_outer_01","y":270,"uvlock":true},
	  {"model":"block/variated/end_stone_bricks/stairs_outer/end_stone_brick_stairs_outer_02","y":270,"uvlock":true},
	  {"model":"block/variated/end_stone_bricks/stairs_outer/end_stone_brick_stairs_outer_03","y":270,"uvlock":true}
	],
	"facing=west,half=bottom,shape=outer_left": [
	  {"model":"block/end_stone_brick_stairs_outer","y":90,"uvlock":true},
	  {"model":"block/variated/end_stone_bricks/stairs_outer/end_stone_brick_stairs_outer_01","y":90,"uvlock":true},
	  {"model":"block/variated/end_stone_bricks/stairs_outer/end_stone_brick_stairs_outer_02","y":90,"uvlock":true},
	  {"model":"block/variated/end_stone_bricks/stairs_outer/end_stone_brick_stairs_outer_03","y":90,"uvlock":true}
	],
	"facing=south,half=bottom,shape=outer_left": [
	  {"model":"block/end_stone_brick_stairs_outer"},
	  {"model":"block/variated/end_stone_bricks/stairs_outer/end_stone_brick_stairs_outer_01"},
	  {"model":"block/variated/end_stone_bricks/stairs_outer/end_stone_brick_stairs_outer_02"},
	  {"model":"block/variated/end_stone_bricks/stairs_outer/end_stone_brick_stairs_outer_03"}
	],
	"facing=north,half=bottom,shape=outer_left": [
	  {"model":"block/end_stone_brick_stairs_outer","y":180,"uvlock":true},
	  {"model":"block/variated/end_stone_bricks/stairs_outer/end_stone_brick_stairs_outer_01","y":180,"uvlock":true},
	  {"model":"block/variated/end_stone_bricks/stairs_outer/end_stone_brick_stairs_outer_02","y":180,"uvlock":true},
	  {"model":"block/variated/end_stone_bricks/stairs_outer/end_stone_brick_stairs_outer_03","y":180,"uvlock":true}
	],
	"facing=east,half=bottom,shape=inner_right": [
	  {"model":"block/end_stone_brick_stairs_inner"},
	  {"model":"block/variated/end_stone_bricks/stairs_inner/end_stone_brick_stairs_inner_01"},
	  {"model":"block/variated/end_stone_bricks/stairs_inner/end_stone_brick_stairs_inner_02"},
	  {"model":"block/variated/end_stone_bricks/stairs_inner/end_stone_brick_stairs_inner_03"}
	],
	"facing=west,half=bottom,shape=inner_right": [
	  {"model":"block/end_stone_brick_stairs_inner","y":180,"uvlock":true},
	  {"model":"block/variated/end_stone_bricks/stairs_inner/end_stone_brick_stairs_inner_01","y":180,"uvlock":true},
	  {"model":"block/variated/end_stone_bricks/stairs_inner/end_stone_brick_stairs_inner_02","y":180,"uvlock":true},
	  {"model":"block/variated/end_stone_bricks/stairs_inner/end_stone_brick_stairs_inner_03","y":180,"uvlock":true}
	],
	"facing=south,half=bottom,shape=inner_right": [
	  {"model":"block/end_stone_brick_stairs_inner","y":90,"uvlock":true},
	  {"model":"block/variated/end_stone_bricks/stairs_inner/end_stone_brick_stairs_inner_01","y":90,"uvlock":true},
	  {"model":"block/variated/end_stone_bricks/stairs_inner/end_stone_brick_stairs_inner_02","y":90,"uvlock":true},
	  {"model":"block/variated/end_stone_bricks/stairs_inner/end_stone_brick_stairs_inner_03","y":90,"uvlock":true}
	],
	"facing=north,half=bottom,shape=inner_right": [
	  {"model":"block/end_stone_brick_stairs_inner","y":270,"uvlock":true},
	  {"model":"block/variated/end_stone_bricks/stairs_inner/end_stone_brick_stairs_inner_01","y":270,"uvlock":true},
	  {"model":"block/variated/end_stone_bricks/stairs_inner/end_stone_brick_stairs_inner_02","y":270,"uvlock":true},
	  {"model":"block/variated/end_stone_bricks/stairs_inner/end_stone_brick_stairs_inner_03","y":270,"uvlock":true}
	],
	"facing=east,half=bottom,shape=inner_left": [
	  {"model":"block/end_stone_brick_stairs_inner","y":270,"uvlock":true},
	  {"model":"block/variated/end_stone_bricks/stairs_inner/end_stone_brick_stairs_inner_01","y":270,"uvlock":true},
	  {"model":"block/variated/end_stone_bricks/stairs_inner/end_stone_brick_stairs_inner_02","y":270,"uvlock":true},
	  {"model":"block/variated/end_stone_bricks/stairs_inner/end_stone_brick_stairs_inner_03","y":270,"uvlock":true}
	],
	"facing=west,half=bottom,shape=inner_left": [
	  {"model":"block/end_stone_brick_stairs_inner","y":90,"uvlock":true},
	  {"model":"block/variated/end_stone_bricks/stairs_inner/end_stone_brick_stairs_inner_01","y":90,"uvlock":true},
	  {"model":"block/variated/end_stone_bricks/stairs_inner/end_stone_brick_stairs_inner_02","y":90,"uvlock":true},
	  {"model":"block/variated/end_stone_bricks/stairs_inner/end_stone_brick_stairs_inner_03","y":90,"uvlock":true}
	],
	"facing=south,half=bottom,shape=inner_left": [
	  {"model":"block/end_stone_brick_stairs_inner"},
	  {"model":"block/variated/end_stone_bricks/stairs_inner/end_stone_brick_stairs_inner_01"},
	  {"model":"block/variated/end_stone_bricks/stairs_inner/end_stone_brick_stairs_inner_02"},
	  {"model":"block/variated/end_stone_bricks/stairs_inner/end_stone_brick_stairs_inner_03"}
	],
	"facing=north,half=bottom,shape=inner_left": [
	  {"model":"block/end_stone_brick_stairs_inner","y":180,"uvlock":true},
	  {"model":"block/variated/end_stone_bricks/stairs_inner/end_stone_brick_stairs_inner_01","y":180,"uvlock":true},
	  {"model":"block/variated/end_stone_bricks/stairs_inner/end_stone_brick_stairs_inner_02","y":180,"uvlock":true},
	  {"model":"block/variated/end_stone_bricks/stairs_inner/end_stone_brick_stairs_inner_03","y":180,"uvlock":true}
	],
	"facing=east,half=top,shape=straight": [
	  {"model":"block/end_stone_brick_stairs","x":180,"uvlock":true},
	  {"model":"block/variated/end_stone_bricks/stairs/end_stone_brick_stairs_01","x":180,"uvlock":true},
	  {"model":"block/variated/end_stone_bricks/stairs/end_stone_brick_stairs_02","x":180,"uvlock":true},
	  {"model":"block/variated/end_stone_bricks/stairs/end_stone_brick_stairs_03","x":180,"uvlock":true}
	],
	"facing=west,half=top,shape=straight": [
	  {"model":"block/end_stone_brick_stairs","y":180,"uvlock":true,"x":180},
	  {"model":"block/variated/end_stone_bricks/stairs/end_stone_brick_stairs_01","y":180,"uvlock":true,"x":180},
	  {"model":"block/variated/end_stone_bricks/stairs/end_stone_brick_stairs_02","y":180,"uvlock":true,"x":180},
	  {"model":"block/variated/end_stone_bricks/stairs/end_stone_brick_stairs_03","y":180,"uvlock":true,"x":180}
	],
	"facing=south,half=top,shape=straight": [
	  {"model":"block/end_stone_brick_stairs","y":90,"uvlock":true,"x":180},
	  {"model":"block/variated/end_stone_bricks/stairs/end_stone_brick_stairs_01","y":90,"uvlock":true,"x":180},
	  {"model":"block/variated/end_stone_bricks/stairs/end_stone_brick_stairs_02","y":90,"uvlock":true,"x":180},
	  {"model":"block/variated/end_stone_bricks/stairs/end_stone_brick_stairs_03","y":90,"uvlock":true,"x":180}
	],
	"facing=north,half=top,shape=straight": [
	  {"model":"block/end_stone_brick_stairs","y":270,"uvlock":true,"x":180},
	  {"model":"block/variated/end_stone_bricks/stairs/end_stone_brick_stairs_01","y":270,"uvlock":true,"x":180},
	  {"model":"block/variated/end_stone_bricks/stairs/end_stone_brick_stairs_02","y":270,"uvlock":true,"x":180},
	  {"model":"block/variated/end_stone_bricks/stairs/end_stone_brick_stairs_03","y":270,"uvlock":true,"x":180}
	],
	"facing=east,half=top,shape=outer_right": [
	  {"model":"block/end_stone_brick_stairs_outer","y":90,"uvlock":true,"x":180},
	  {"model":"block/variated/end_stone_bricks/stairs_outer/end_stone_brick_stairs_outer_01","y":90,"uvlock":true,"x":180},
	  {"model":"block/variated/end_stone_bricks/stairs_outer/end_stone_brick_stairs_outer_02","y":90,"uvlock":true,"x":180},
	  {"model":"block/variated/end_stone_bricks/stairs_outer/end_stone_brick_stairs_outer_03","y":90,"uvlock":true,"x":180}
	],
	"facing=west,half=top,shape=outer_right": [
	  {"model":"block/end_stone_brick_stairs_outer","y":270,"uvlock":true,"x":180},
	  {"model":"block/variated/end_stone_bricks/stairs_outer/end_stone_brick_stairs_outer_01","y":270,"uvlock":true,"x":180},
	  {"model":"block/variated/end_stone_bricks/stairs_outer/end_stone_brick_stairs_outer_02","y":270,"uvlock":true,"x":180},
	  {"model":"block/variated/end_stone_bricks/stairs_outer/end_stone_brick_stairs_outer_03","y":270,"uvlock":true,"x":180}
	],
	"facing=south,half=top,shape=outer_right": [
	  {"model":"block/end_stone_brick_stairs_outer","y":180,"uvlock":true,"x":180},
	  {"model":"block/variated/end_stone_bricks/stairs_outer/end_stone_brick_stairs_outer_01","y":180,"uvlock":true,"x":180},
	  {"model":"block/variated/end_stone_bricks/stairs_outer/end_stone_brick_stairs_outer_02","y":180,"uvlock":true,"x":180},
	  {"model":"block/variated/end_stone_bricks/stairs_outer/end_stone_brick_stairs_outer_03","y":180,"uvlock":true,"x":180}
	],
	"facing=north,half=top,shape=outer_right": [
	  {"model":"block/end_stone_brick_stairs_outer","x":180,"uvlock":true},
	  {"model":"block/variated/end_stone_bricks/stairs_outer/end_stone_brick_stairs_outer_01","x":180,"uvlock":true},
	  {"model":"block/variated/end_stone_bricks/stairs_outer/end_stone_brick_stairs_outer_02","x":180,"uvlock":true},
	  {"model":"block/variated/end_stone_bricks/stairs_outer/end_stone_brick_stairs_outer_03","x":180,"uvlock":true}
	],
	"facing=east,half=top,shape=outer_left": [
	  {"model":"block/end_stone_brick_stairs_outer","x":180,"uvlock":true},
	  {"model":"block/variated/end_stone_bricks/stairs_outer/end_stone_brick_stairs_outer_01","x":180,"uvlock":true},
	  {"model":"block/variated/end_stone_bricks/stairs_outer/end_stone_brick_stairs_outer_02","x":180,"uvlock":true},
	  {"model":"block/variated/end_stone_bricks/stairs_outer/end_stone_brick_stairs_outer_03","x":180,"uvlock":true}
	],
	"facing=west,half=top,shape=outer_left": [
	  {"model":"block/end_stone_brick_stairs_outer","y":180,"uvlock":true,"x":180},
	  {"model":"block/variated/end_stone_bricks/stairs_outer/end_stone_brick_stairs_outer_01","y":180,"uvlock":true,"x":180},
	  {"model":"block/variated/end_stone_bricks/stairs_outer/end_stone_brick_stairs_outer_02","y":180,"uvlock":true,"x":180},
	  {"model":"block/variated/end_stone_bricks/stairs_outer/end_stone_brick_stairs_outer_03","y":180,"uvlock":true,"x":180}
	],
	"facing=south,half=top,shape=outer_left": [
	  {"model":"block/end_stone_brick_stairs_outer","y":90,"uvlock":true,"x":180},
	  {"model":"block/variated/end_stone_bricks/stairs_outer/end_stone_brick_stairs_outer_01","y":90,"uvlock":true,"x":180},
	  {"model":"block/variated/end_stone_bricks/stairs_outer/end_stone_brick_stairs_outer_02","y":90,"uvlock":true,"x":180},
	  {"model":"block/variated/end_stone_bricks/stairs_outer/end_stone_brick_stairs_outer_03","y":90,"uvlock":true,"x":180}
	],
	"facing=north,half=top,shape=outer_left": [
	  {"model":"block/end_stone_brick_stairs_outer","y":270,"uvlock":true,"x":180},
	  {"model":"block/variated/end_stone_bricks/stairs_outer/end_stone_brick_stairs_outer_01","y":270,"uvlock":true,"x":180},
	  {"model":"block/variated/end_stone_bricks/stairs_outer/end_stone_brick_stairs_outer_02","y":270,"uvlock":true,"x":180},
	  {"model":"block/variated/end_stone_bricks/stairs_outer/end_stone_brick_stairs_outer_03","y":270,"uvlock":true,"x":180}
	],
	"facing=east,half=top,shape=inner_right": [
	  {"model":"block/end_stone_brick_stairs_inner","y":90,"uvlock":true,"x":180},
	  {"model":"block/variated/end_stone_bricks/stairs_inner/end_stone_brick_stairs_inner_01","y":90,"uvlock":true,"x":180},
	  {"model":"block/variated/end_stone_bricks/stairs_inner/end_stone_brick_stairs_inner_02","y":90,"uvlock":true,"x":180},
	  {"model":"block/variated/end_stone_bricks/stairs_inner/end_stone_brick_stairs_inner_03","y":90,"uvlock":true,"x":180}
	],
	"facing=west,half=top,shape=inner_right": [
	  {"model":"block/end_stone_brick_stairs_inner","y":270,"uvlock":true,"x":180},
	  {"model":"block/variated/end_stone_bricks/stairs_inner/end_stone_brick_stairs_inner_01","y":270,"uvlock":true,"x":180},
	  {"model":"block/variated/end_stone_bricks/stairs_inner/end_stone_brick_stairs_inner_02","y":270,"uvlock":true,"x":180},
	  {"model":"block/variated/end_stone_bricks/stairs_inner/end_stone_brick_stairs_inner_03","y":270,"uvlock":true,"x":180}
	],
	"facing=south,half=top,shape=inner_right": [
	  {"model":"block/end_stone_brick_stairs_inner","y":180,"uvlock":true,"x":180},
	  {"model":"block/variated/end_stone_bricks/stairs_inner/end_stone_brick_stairs_inner_01","y":180,"uvlock":true,"x":180},
	  {"model":"block/variated/end_stone_bricks/stairs_inner/end_stone_brick_stairs_inner_02","y":180,"uvlock":true,"x":180},
	  {"model":"block/variated/end_stone_bricks/stairs_inner/end_stone_brick_stairs_inner_03","y":180,"uvlock":true,"x":180}
	],
	"facing=north,half=top,shape=inner_right": [ 
	  {"model":"block/end_stone_brick_stairs_inner","x":180,"uvlock":true},
	  {"model":"block/variated/end_stone_bricks/stairs_inner/end_stone_brick_stairs_inner_01","x":180,"uvlock":true},
	  {"model":"block/variated/end_stone_bricks/stairs_inner/end_stone_brick_stairs_inner_02","x":180,"uvlock":true},
	  {"model":"block/variated/end_stone_bricks/stairs_inner/end_stone_brick_stairs_inner_03","x":180,"uvlock":true}
	],
	"facing=east,half=top,shape=inner_left": [
	  {"model":"block/end_stone_brick_stairs_inner","x":180,"uvlock":true},
	  {"model":"block/variated/end_stone_bricks/stairs_inner/end_stone_brick_stairs_inner_01","x":180,"uvlock":true},
	  {"model":"block/variated/end_stone_bricks/stairs_inner/end_stone_brick_stairs_inner_02","x":180,"uvlock":true},
	  {"model":"block/variated/end_stone_bricks/stairs_inner/end_stone_brick_stairs_inner_03","x":180,"uvlock":true}
	],
	"facing=west,half=top,shape=inner_left": [
	  {"model":"block/end_stone_brick_stairs_inner","y":180,"uvlock":true,"x":180},
	  {"model":"block/variated/end_stone_bricks/stairs_inner/end_stone_brick_stairs_inner_01","y":180,"uvlock":true,"x":180},
	  {"model":"block/variated/end_stone_bricks/stairs_inner/end_stone_brick_stairs_inner_02","y":180,"uvlock":true,"x":180},
	  {"model":"block/variated/end_stone_bricks/stairs_inner/end_stone_brick_stairs_inner_03","y":180,"uvlock":true,"x":180}
	],
	"facing=south,half=top,shape=inner_left": [
	  {"model":"block/end_stone_brick_stairs_inner","y":90,"uvlock":true,"x":180},
	  {"model":"block/variated/end_stone_bricks/stairs_inner/end_stone_brick_stairs_inner_01","y":90,"uvlock":true,"x":180},
	  {"model":"block/variated/end_stone_bricks/stairs_inner/end_stone_brick_stairs_inner_02","y":90,"uvlock":true,"x":180},
	  {"model":"block/variated/end_stone_bricks/stairs_inner/end_stone_brick_stairs_inner_03","y":90,"uvlock":true,"x":180}
	],
	"facing=north,half=top,shape=inner_left": [
	  {"model":"block/end_stone_brick_stairs_inner","y":270,"uvlock":true,"x":180},
	  {"model":"block/variated/end_stone_bricks/stairs_inner/end_stone_brick_stairs_inner_01","y":270,"uvlock":true,"x":180},
	  {"model":"block/variated/end_stone_bricks/stairs_inner/end_stone_brick_stairs_inner_02","y":270,"uvlock":true,"x":180},
	  {"model":"block/variated/end_stone_bricks/stairs_inner/end_stone_brick_stairs_inner_03","y":270,"uvlock":true,"x":180}
	]
	}
}