{
  "variants": {

    "type=bottom": [
      {"model": "block/end_stone_brick_slab"},
      {"model": "block/variated/end_stone_bricks/slab/end_stone_brick_slab_01"},
      {"model": "block/variated/end_stone_bricks/slab/end_stone_brick_slab_02"},
      {"model": "block/variated/end_stone_bricks/slab/end_stone_brick_slab_03"}
    ],
	
    "type=top": [
      {"model": "block/end_stone_brick_slab_top"},
      {"model": "block/variated/end_stone_bricks/slab_top/end_stone_brick_slab_top_01"},
      {"model": "block/variated/end_stone_bricks/slab_top/end_stone_brick_slab_top_02"},
      {"model": "block/variated/end_stone_bricks/slab_top/end_stone_brick_slab_top_03"}
    ],
	
    "type=double": [
      {"model": "block/end_stone_bricks"},
      {"model": "block/variated/end_stone_bricks/end_stone_bricks_01"},
      {"model": "block/variated/end_stone_bricks/end_stone_bricks_02"},
      {"model": "block/variated/end_stone_bricks/end_stone_bricks_03"}
    ]
  }
}