{
	"variants": {
		"": [
			{
				"model": "block/flowering_azalea"
			},
			{
				"model": "block/variated/plant/flowering_azalea/block/flowering_azalea_01"
			},
			{
				"model": "block/variated/plant/flowering_azalea/block/flowering_azalea_02"
			},
			{
				"model": "block/variated/plant/flowering_azalea/block/flowering_azalea_03"
			},
			{
				"model": "block/variated/plant/flowering_azalea/block/flowering_azalea_04"
			},
			{
				"model": "block/variated/plant/flowering_azalea/block/flowering_azalea_05"
			},
			{
				"model": "block/variated/plant/flowering_azalea/block/flowering_azalea_06"
			},
			{
				"model": "block/variated/plant/flowering_azalea/block/flowering_azalea_07"
			},
			{
				"model": "block/flowering_azalea",
				"y": 90
			},
			{
				"model": "block/variated/plant/flowering_azalea/block/flowering_azalea_01",
				"y": 90
			},
			{
				"model": "block/variated/plant/flowering_azalea/block/flowering_azalea_02",
				"y": 90
			},
			{
				"model": "block/variated/plant/flowering_azalea/block/flowering_azalea_03",
				"y": 90
			},
			{
				"model": "block/variated/plant/flowering_azalea/block/flowering_azalea_04",
				"y": 90
			},
			{
				"model": "block/variated/plant/flowering_azalea/block/flowering_azalea_05",
				"y": 90
			},
			{
				"model": "block/variated/plant/flowering_azalea/block/flowering_azalea_06",
				"y": 90
			},
			{
				"model": "block/variated/plant/flowering_azalea/block/flowering_azalea_07",
				"y": 90
			},
			{
				"model": "block/flowering_azalea",
				"y": 180
			},
			{
				"model": "block/variated/plant/flowering_azalea/block/flowering_azalea_01",
				"y": 180
			},
			{
				"model": "block/variated/plant/flowering_azalea/block/flowering_azalea_02",
				"y": 180
			},
			{
				"model": "block/variated/plant/flowering_azalea/block/flowering_azalea_03",
				"y": 180
			},
			{
				"model": "block/variated/plant/flowering_azalea/block/flowering_azalea_04",
				"y": 180
			},
			{
				"model": "block/variated/plant/flowering_azalea/block/flowering_azalea_05",
				"y": 180
			},
			{
				"model": "block/variated/plant/flowering_azalea/block/flowering_azalea_06",
				"y": 180
			},
			{
				"model": "block/variated/plant/flowering_azalea/block/flowering_azalea_07",
				"y": 180
			},
			{
				"model": "block/flowering_azalea",
				"y": 270
			},
			{
				"model": "block/variated/plant/flowering_azalea/block/flowering_azalea_01",
				"y": 270
			},
			{
				"model": "block/variated/plant/flowering_azalea/block/flowering_azalea_02",
				"y": 270
			},
			{
				"model": "block/variated/plant/flowering_azalea/block/flowering_azalea_03",
				"y": 270
			},
			{
				"model": "block/variated/plant/flowering_azalea/block/flowering_azalea_04",
				"y": 270
			},
			{
				"model": "block/variated/plant/flowering_azalea/block/flowering_azalea_05",
				"y": 270
			},
			{
				"model": "block/variated/plant/flowering_azalea/block/flowering_azalea_06",
				"y": 270
			},
			{
				"model": "block/variated/plant/flowering_azalea/block/flowering_azalea_07",
				"y": 270
			}
		]
	}
}