{
	"variants": {
		"facing=east,lit=false": {
			"model": "minecraft:block/furnace",
			"y": 90
		},
		"facing=east,lit=true": [
			{
				"model": "minecraft:block/furnace_on",
				"y": 90
			},
			{
				"model": "minecraft:block/variated/furnace_on/furnace_on_01",
				"y": 90
			},
			{
				"model": "minecraft:block/variated/furnace_on/furnace_on_02",
				"y": 90
			},
			{
				"model": "minecraft:block/variated/furnace_on/furnace_on_03",
				"y": 90
			}
		],
		"facing=north,lit=false": {
			"model": "minecraft:block/furnace"
		},
		"facing=north,lit=true": [
			{
				"model": "minecraft:block/furnace_on"
			},
			{
				"model": "minecraft:block/variated/furnace_on/furnace_on_01"
			},
			{
				"model": "minecraft:block/variated/furnace_on/furnace_on_02"
			},
			{
				"model": "minecraft:block/variated/furnace_on/furnace_on_03"
			}
		],
		"facing=south,lit=false": {
			"model": "minecraft:block/furnace",
			"y": 180
		},
		"facing=south,lit=true": [
			{
				"model": "minecraft:block/furnace_on",
				"y": 180
			},
			{
				"model": "minecraft:block/variated/furnace_on/furnace_on_01",
				"y": 180
			},
			{
				"model": "minecraft:block/variated/furnace_on/furnace_on_02",
				"y": 180
			},
			{
				"model": "minecraft:block/variated/furnace_on/furnace_on_03",
				"y": 180
			}
		],
		"facing=west,lit=false": {
			"model": "minecraft:block/furnace",
			"y": 270
		},
		"facing=west,lit=true": [
			{
				"model": "minecraft:block/furnace_on",
				"y": 270
			},
			{
				"model": "minecraft:block/variated/furnace_on/furnace_on_01",
				"y": 270
			},
			{
				"model": "minecraft:block/variated/furnace_on/furnace_on_02",
				"y": 270
			},
			{
				"model": "minecraft:block/variated/furnace_on/furnace_on_03",
				"y": 270
			}
		]
	}
}