{
  "variants": {
    "": [
      {
        "model": "block/gravel"
      },
      {
        "model": "block/variated/gravel/gravel_01"
      },
      {
        "model": "block/variated/gravel/gravel_02"
      },
      {
        "model": "block/variated/gravel/gravel_03"
      },
	  {
        "model": "block/gravel",
		"x": 90
      },
      {
        "model": "block/variated/gravel/gravel_01",
		"x": 90
      },
      {
        "model": "block/variated/gravel/gravel_02",
		"x": 90
      },
      {
        "model": "block/variated/gravel/gravel_03",
		"x": 90
      },
	  {
        "model": "block/gravel",
		"x": 180
      },
      {
        "model": "block/variated/gravel/gravel_01",
		"x": 180
      },
      {
        "model": "block/variated/gravel/gravel_02",
		"x": 180
      },
      {
        "model": "block/variated/gravel/gravel_03",
		"x": 180
      },
	  {
        "model": "block/gravel",
		"x": 270
      },
      {
        "model": "block/variated/gravel/gravel_01",
		"x": 270
      },
      {
        "model": "block/variated/gravel/gravel_02",
		"x": 270
      },
      {
        "model": "block/variated/gravel/gravel_03",
		"x": 270
      }
    ]
  }
}