{
	"variants": {
		"": [
			{
				"model": "block/hanging_roots"
			},
			{
				"model": "block/variated/plant/hanging_roots/hanging_roots_01"
			},
			{
				"model": "block/variated/plant/hanging_roots/hanging_roots_02"
			},
			{
				"model": "block/variated/plant/hanging_roots/hanging_roots_03"
			},
			{
				"model": "block/variated/plant/hanging_roots/hanging_roots_04"
			},
			{
				"model": "block/variated/plant/hanging_roots/hanging_roots_05"
			},
			{
				"model": "block/variated/plant/hanging_roots/hanging_roots_06"
			},
			{
				"model": "block/variated/plant/hanging_roots/hanging_roots_07"
			},
			{
				"model": "block/variated/plant/hanging_roots/hanging_roots_08"
			},
			{
				"model": "block/variated/plant/hanging_roots/hanging_roots_09"
			},
			{
				"model": "block/variated/plant/hanging_roots/hanging_roots_10"
			},
			{
				"model": "block/variated/plant/hanging_roots/hanging_roots_11"
			},
			{
				"model": "block/variated/plant/hanging_roots/hanging_roots_12"
			}
		]
	}
}