{
  "variants": {
    "": [
      {
        "model": "block/infested_cobblestone"
      },
      {
        "model": "block/variated/cobblestone/infested/infested_cobblestone_01"
      },
      {
        "model": "block/variated/cobblestone/infested/infested_cobblestone_02"
      },
      {
        "model": "block/variated/cobblestone/infested/infested_cobblestone_03"
      },
      {
        "model": "block/variated/cobblestone/infested/infested_cobblestone_04"
      },
      {
        "model": "block/variated/cobblestone/infested/infested_cobblestone_05"
      },
      {
        "model": "block/variated/cobblestone/infested/infested_cobblestone_06"
      },
      {
        "model": "block/variated/cobblestone/infested/infested_cobblestone_07"
      }
    ]
  }
}