{
  "variants": {
    "type=bottom": [
      { "model": "block/jungle_slab" },
      { "model": "block/planks/jungle_planks/jungle_slab_01" },
      { "model": "block/planks/jungle_planks/jungle_slab_02" },
      { "model": "block/planks/jungle_planks/jungle_slab_03" },
      { "model": "block/planks/jungle_planks/jungle_slab_04" },
	  { "model": "block/planks/jungle_planks/jungle_slab_05" }
    ],
    "type=top": [
      { "model": "block/jungle_slab_top" },
      { "model": "block/planks/jungle_planks/jungle_slab_top_01" },
      { "model": "block/planks/jungle_planks/jungle_slab_top_02" },
      { "model": "block/planks/jungle_planks/jungle_slab_top_03" },
      { "model": "block/planks/jungle_planks/jungle_slab_top_04" },
	  { "model": "block/planks/jungle_planks/jungle_slab_top_05" }
    ],
    "type=double": [
      { "model": "block/jungle_planks" },
      { "model": "block/planks/jungle_planks/jungle_planks_01" },
      { "model": "block/planks/jungle_planks/jungle_planks_02" },
      { "model": "block/planks/jungle_planks/jungle_planks_03" },
      { "model": "block/planks/jungle_planks/jungle_planks_04" },
	  { "model": "block/planks/jungle_planks/jungle_planks_05" }
    ]
  }
}