{
	"variants": {
		"facing=east": [
			{
				"model": "minecraft:block/lectern",
				"y": 90
			},
			{
				"model": "minecraft:block/variated/lectern/lectern_01",
				"y": 90
			},
			{
				"model": "minecraft:block/variated/lectern/lectern_02",
				"y": 90
			},
			{
				"model": "minecraft:block/variated/lectern/lectern_03",
				"y": 90
			},
			{
				"model": "minecraft:block/variated/lectern/lectern_04",
				"y": 90
			},
			{
				"model": "minecraft:block/variated/lectern/lectern_05",
				"y": 90
			},
			{
				"model": "minecraft:block/variated/lectern/lectern_06",
				"y": 90
			}
		],
		"facing=north": [
			{
				"model": "minecraft:block/lectern"
			},
			{
				"model": "minecraft:block/variated/lectern/lectern_01"
			},
			{
				"model": "minecraft:block/variated/lectern/lectern_02"
			},
			{
				"model": "minecraft:block/variated/lectern/lectern_03"
			},
			{
				"model": "minecraft:block/variated/lectern/lectern_04"
			},
			{
				"model": "minecraft:block/variated/lectern/lectern_05"
			},
			{
				"model": "minecraft:block/variated/lectern/lectern_06"
			}
		],
		"facing=south": [
			{
				"model": "minecraft:block/lectern",
				"y": 180
			},
			{
				"model": "minecraft:block/variated/lectern/lectern_01",
				"y": 180
			},
			{
				"model": "minecraft:block/variated/lectern/lectern_02",
				"y": 180
			},
			{
				"model": "minecraft:block/variated/lectern/lectern_03",
				"y": 180
			},
			{
				"model": "minecraft:block/variated/lectern/lectern_04",
				"y": 180
			},
			{
				"model": "minecraft:block/variated/lectern/lectern_05",
				"y": 180
			},
			{
				"model": "minecraft:block/variated/lectern/lectern_06",
				"y": 180
			}
		],
		"facing=west": [
			{
				"model": "minecraft:block/lectern",
				"y": 270
			},
			{
				"model": "minecraft:block/variated/lectern/lectern_01",
				"y": 270
			},
			{
				"model": "minecraft:block/variated/lectern/lectern_02",
				"y": 270
			},
			{
				"model": "minecraft:block/variated/lectern/lectern_03",
				"y": 270
			},
			{
				"model": "minecraft:block/variated/lectern/lectern_04",
				"y": 270
			},
			{
				"model": "minecraft:block/variated/lectern/lectern_05",
				"y": 270
			},
			{
				"model": "minecraft:block/variated/lectern/lectern_06",
				"y": 270
			}
		]
	}
}