{
  "variants": {
      "half=lower": [
		       { "model": "minecraft:block/variated/plant/lilac/lilac_bottom_01" },
		       { "model": "minecraft:block/variated/plant/lilac/lilac_bottom_02" },
		       { "model": "minecraft:block/variated/plant/lilac/lilac_bottom_03" },
		       { "model": "minecraft:block/variated/plant/lilac/lilac_bottom_04" },
		       { "model": "minecraft:block/variated/plant/lilac/lilac_bottom_05" },
		       { "model": "minecraft:block/variated/plant/lilac/lilac_bottom_06" }
		    ],
      "half=upper": [
		       { "model": "minecraft:block/variated/plant/lilac/lilac_top_01" },
		       { "model": "minecraft:block/variated/plant/lilac/lilac_top_02" },
		       { "model": "minecraft:block/variated/plant/lilac/lilac_top_03" },
		       { "model": "minecraft:block/variated/plant/lilac/lilac_top_04" },
		       { "model": "minecraft:block/variated/plant/lilac/lilac_top_05" },
		       { "model": "minecraft:block/variated/plant/lilac/lilac_top_06" }
		    ]
		}
}