{
	"variants": {
		"": [
			{
				"model": "block/lily_of_the_valley"
			},
			{
				"model": "block/variated/plant/lily_of_the_valley/block/lily_of_the_valley_01"
			},
			{
				"model": "block/variated/plant/lily_of_the_valley/block/lily_of_the_valley_02"
			},
			{
				"model": "block/variated/plant/lily_of_the_valley/block/lily_of_the_valley_03"
			},
			{
				"model": "block/variated/plant/lily_of_the_valley/block/lily_of_the_valley_04"
			},
			{
				"model": "block/variated/plant/lily_of_the_valley/block/lily_of_the_valley_05"
			}
		]
	}
}