{
	"variants": {
		"": [
			{
				"model": "block/lily_pad"
			},
			{
				"model": "block/lily_pad",
				"y": 90
			},
			{
				"model": "block/lily_pad",
				"y": 180
			},
			{
				"model": "block/lily_pad",
				"y": 270
			},
			{
				"model": "block/variated/plant/lily_pad/lily_pad_01"
			},
			{
				"model": "block/variated/plant/lily_pad/lily_pad_01",
				"y": 90
			},
			{
				"model": "block/variated/plant/lily_pad/lily_pad_01",
				"y": 180
			},
			{
				"model": "block/variated/plant/lily_pad/lily_pad_01",
				"y": 270
			},
			{
				"model": "block/variated/plant/lily_pad/lily_pad_02"
			},
			{
				"model": "block/variated/plant/lily_pad/lily_pad_02",
				"y": 90
			},
			{
				"model": "block/variated/plant/lily_pad/lily_pad_02",
				"y": 180
			},
			{
				"model": "block/variated/plant/lily_pad/lily_pad_02",
				"y": 270
			},
			{
				"model": "block/variated/plant/lily_pad/lily_pad_03"
			},
			{
				"model": "block/variated/plant/lily_pad/lily_pad_03",
				"y": 90
			},
			{
				"model": "block/variated/plant/lily_pad/lily_pad_03",
				"y": 180
			},
			{
				"model": "block/variated/plant/lily_pad/lily_pad_03",
				"y": 270
			},
			{
				"model": "block/variated/plant/lily_pad/lily_pad_04"
			},
			{
				"model": "block/variated/plant/lily_pad/lily_pad_04",
				"y": 90
			},
			{
				"model": "block/variated/plant/lily_pad/lily_pad_04",
				"y": 180
			},
			{
				"model": "block/variated/plant/lily_pad/lily_pad_04",
				"y": 270
			},
			{
				"model": "block/variated/plant/lily_pad/lily_pad_05"
			},
			{
				"model": "block/variated/plant/lily_pad/lily_pad_05",
				"y": 90
			},
			{
				"model": "block/variated/plant/lily_pad/lily_pad_05",
				"y": 180
			},
			{
				"model": "block/variated/plant/lily_pad/lily_pad_05",
				"y": 270
			},
			{
				"model": "block/variated/plant/lily_pad/lily_pad_06"
			},
			{
				"model": "block/variated/plant/lily_pad/lily_pad_06",
				"y": 90
			},
			{
				"model": "block/variated/plant/lily_pad/lily_pad_06",
				"y": 180
			},
			{
				"model": "block/variated/plant/lily_pad/lily_pad_06",
				"y": 270
			}
		]
	}
}