{
  "variants": {

    "type=bottom": [
      {"model": "block/mossy_cobblestone_slab"},
      {"model": "block/variated/cobblestone/mossy/slab/mossy_cobblestone_slab_01"},
      {"model": "block/variated/cobblestone/mossy/slab/mossy_cobblestone_slab_02"},
      {"model": "block/variated/cobblestone/mossy/slab/mossy_cobblestone_slab_03"},
      {"model": "block/variated/cobblestone/mossy/slab/mossy_cobblestone_slab_04"},
      {"model": "block/variated/cobblestone/mossy/slab/mossy_cobblestone_slab_05"},
      {"model": "block/variated/cobblestone/mossy/slab/mossy_cobblestone_slab_06"},
      {"model": "block/variated/cobblestone/mossy/slab/mossy_cobblestone_slab_07"}
    ],
	
    "type=top": [
      {"model": "block/mossy_cobblestone_slab_top"},
      {"model": "block/variated/cobblestone/mossy/slab_top/mossy_cobblestone_slab_top_01"},
      {"model": "block/variated/cobblestone/mossy/slab_top/mossy_cobblestone_slab_top_02"},
      {"model": "block/variated/cobblestone/mossy/slab_top/mossy_cobblestone_slab_top_03"},
      {"model": "block/variated/cobblestone/mossy/slab_top/mossy_cobblestone_slab_top_04"},
      {"model": "block/variated/cobblestone/mossy/slab_top/mossy_cobblestone_slab_top_05"},
      {"model": "block/variated/cobblestone/mossy/slab_top/mossy_cobblestone_slab_top_06"},
      {"model": "block/variated/cobblestone/mossy/slab_top/mossy_cobblestone_slab_top_07"}
    ],
	
    "type=double": [
      {"model": "block/mossy_cobblestone"},
      {"model": "block/variated/cobblestone/mossy/mossy_cobblestone_01"},
      {"model": "block/variated/cobblestone/mossy/mossy_cobblestone_02"},
      {"model": "block/variated/cobblestone/mossy/mossy_cobblestone_03"},
      {"model": "block/variated/cobblestone/mossy/mossy_cobblestone_04"},
      {"model": "block/variated/cobblestone/mossy/mossy_cobblestone_05"},
      {"model": "block/variated/cobblestone/mossy/mossy_cobblestone_06"},
      {"model": "block/variated/cobblestone/mossy/mossy_cobblestone_07"}
    ]
  }
}