{
  "variants": {
    "": [
      {
        "model": "block/mossy_cobblestone"
      },
      {
        "model": "block/variated/cobblestone/mossy/mossy_cobblestone_01"
      },
      {
        "model": "block/variated/cobblestone/mossy/mossy_cobblestone_02"
      },
      {
        "model": "block/variated/cobblestone/mossy/mossy_cobblestone_03"
      },
      {
        "model": "block/variated/cobblestone/mossy/mossy_cobblestone_04"
      },
      {
        "model": "block/variated/cobblestone/mossy/mossy_cobblestone_05"
      },
      {
        "model": "block/variated/cobblestone/mossy/mossy_cobblestone_06"
      },
      {
        "model": "block/variated/cobblestone/mossy/mossy_cobblestone_07"
      }
    ]
  }
}