{
  "variants": {
    "snowy=false": [
      {
        "model": "minecraft:block/mycelium"
      },
      {
        "model": "minecraft:block/mycelium",
        "y": 90
      },
      {
        "model": "minecraft:block/mycelium",
        "y": 180
      },
      {
        "model": "minecraft:block/mycelium",
        "y": 270
      },
	  {
        "model": "minecraft:block/variated/grass_block/mycelium/mycelium_01"
      },
      {
        "model": "minecraft:block/variated/grass_block/mycelium/mycelium_01",
        "y": 90
      },
      {
        "model": "minecraft:block/variated/grass_block/mycelium/mycelium_01",
        "y": 180
      },
      {
        "model": "minecraft:block/variated/grass_block/mycelium/mycelium_01",
        "y": 270
      },
	  {
        "model": "minecraft:block/variated/grass_block/mycelium/mycelium_02"
      },
      {
        "model": "minecraft:block/variated/grass_block/mycelium/mycelium_02",
        "y": 90
      },
      {
        "model": "minecraft:block/variated/grass_block/mycelium/mycelium_02",
        "y": 180
      },
      {
        "model": "minecraft:block/variated/grass_block/mycelium/mycelium_02",
        "y": 270
      },
	  {
        "model": "minecraft:block/variated/grass_block/mycelium/mycelium_03"
      },
      {
        "model": "minecraft:block/variated/grass_block/mycelium/mycelium_03",
        "y": 90
      },
      {
        "model": "minecraft:block/variated/grass_block/mycelium/mycelium_03",
        "y": 180
      },
      {
        "model": "minecraft:block/variated/grass_block/mycelium/mycelium_03",
        "y": 270
      }
    ],
    "snowy=true": [
	{
      "model": "minecraft:block/snowy_mycelium"
    },
	{
      "model": "minecraft:block/variated/grass_block/snowy_mycelium/snowy_mycelium_01"
    },
	{
      "model": "minecraft:block/variated/grass_block/snowy_mycelium/snowy_mycelium_02"
    },
	{
      "model": "minecraft:block/variated/grass_block/snowy_mycelium/snowy_mycelium_03"
    },
	{
      "model": "minecraft:block/variated/grass_block/snowy_mycelium/snowy_mycelium_04"
    },
	{
      "model": "minecraft:block/variated/grass_block/snowy_mycelium/snowy_mycelium_05"
    }
	]
  }
}