{
  "variants": {
    "stage=0": [
      { "model": "block/oak_sapling_stage_0"},
      { "model": "block/variated/plant/sapling/oak/baby/oak_sapling_stage_0_01"},
      { "model": "block/variated/plant/sapling/oak/baby/oak_sapling_stage_0_02"},
      { "model": "block/variated/plant/sapling/oak/baby/oak_sapling_stage_0_03"},
      { "model": "block/variated/plant/sapling/oak/baby/oak_sapling_stage_0_04"},
	  { "model": "block/variated/plant/sapling/oak/baby/oak_sapling_stage_0_05"}
    ],
    "stage=1": [
      { "model": "block/oak_sapling"},
      { "model": "block/variated/plant/sapling/oak/adult/block/oak_sapling_01"},
      { "model": "block/variated/plant/sapling/oak/adult/block/oak_sapling_02"},
      { "model": "block/variated/plant/sapling/oak/adult/block/oak_sapling_03"},
      { "model": "block/variated/plant/sapling/oak/adult/block/oak_sapling_04"},
	  { "model": "block/variated/plant/sapling/oak/adult/block/oak_sapling_05"}
    ]
  }
}