{
	"variants": {
		"": [
			{
				"model": "block/open_eyeblossom"
			},
			{
				"model": "block/variated/plant/eyeblossom/open/block/open_eyeblossom_01"
			},
			{
				"model": "block/variated/plant/eyeblossom/open/block/open_eyeblossom_02"
			},
			{
				"model": "block/variated/plant/eyeblossom/open/block/open_eyeblossom_03"
			},
			{
				"model": "block/variated/plant/eyeblossom/open/block/open_eyeblossom_04"
			},
			{
				"model": "block/variated/plant/eyeblossom/open/block/open_eyeblossom_05"
			}
		]
	}
}