{
	"variants": {
		"": [
			{
				"model": "block/orange_tulip"
			},
			{
				"model": "block/variated/plant/orange_tulip/block/orange_tulip_01"
			},
			{
				"model": "block/variated/plant/orange_tulip/block/orange_tulip_02"
			},
			{
				"model": "block/variated/plant/orange_tulip/block/orange_tulip_03"
			},
			{
				"model": "block/variated/plant/orange_tulip/block/orange_tulip_04"
			},
			{
				"model": "block/variated/plant/orange_tulip/block/orange_tulip_05"
			}
		]
	}
}