{
  "variants": {
      "half=lower": [
		       { "model": "minecraft:block/variated/plant/peony/peony_bottom_01" },
		       { "model": "minecraft:block/variated/plant/peony/peony_bottom_02" },
		       { "model": "minecraft:block/variated/plant/peony/peony_bottom_03" },
		       { "model": "minecraft:block/variated/plant/peony/peony_bottom_04" },
		       { "model": "minecraft:block/variated/plant/peony/peony_bottom_05" },
		       { "model": "minecraft:block/variated/plant/peony/peony_bottom_06" }
		    ],
      "half=upper": [
		       { "model": "minecraft:block/variated/plant/peony/peony_top_01" },
		       { "model": "minecraft:block/variated/plant/peony/peony_top_02" },
		       { "model": "minecraft:block/variated/plant/peony/peony_top_03" },
		       { "model": "minecraft:block/variated/plant/peony/peony_top_04" },
		       { "model": "minecraft:block/variated/plant/peony/peony_top_05" },
		       { "model": "minecraft:block/variated/plant/peony/peony_top_06" }
		    ]
		}
}