{
  "variants": {
    "snowy=false": [
      {
        "model": "minecraft:block/podzol"
      },
      {
        "model": "minecraft:block/podzol",
        "y": 90
      },
      {
        "model": "minecraft:block/podzol",
        "y": 180
      },
      {
        "model": "minecraft:block/podzol",
        "y": 270
      },
	  {
        "model": "minecraft:block/variated/grass_block/podzol/podzol_01"
      },
      {
        "model": "minecraft:block/variated/grass_block/podzol/podzol_01",
        "y": 90
      },
      {
        "model": "minecraft:block/variated/grass_block/podzol/podzol_01",
        "y": 180
      },
      {
        "model": "minecraft:block/variated/grass_block/podzol/podzol_01",
        "y": 270
      },
	  {
        "model": "minecraft:block/variated/grass_block/podzol/podzol_02"
      },
      {
        "model": "minecraft:block/variated/grass_block/podzol/podzol_02",
        "y": 90
      },
      {
        "model": "minecraft:block/variated/grass_block/podzol/podzol_02",
        "y": 180
      },
      {
        "model": "minecraft:block/variated/grass_block/podzol/podzol_02",
        "y": 270
      },
	  {
        "model": "minecraft:block/variated/grass_block/podzol/podzol_03"
      },
      {
        "model": "minecraft:block/variated/grass_block/podzol/podzol_03",
        "y": 90
      },
      {
        "model": "minecraft:block/variated/grass_block/podzol/podzol_03",
        "y": 180
      },
      {
        "model": "minecraft:block/variated/grass_block/podzol/podzol_03",
        "y": 270
      }
    ],
    "snowy=true": [
	{
      "model": "minecraft:block/snowy_podzol"
    },
	{
      "model": "minecraft:block/variated/grass_block/snowy_podzol/snowy_podzol_01"
    },
	{
      "model": "minecraft:block/variated/grass_block/snowy_podzol/snowy_podzol_02"
    },
	{
      "model": "minecraft:block/variated/grass_block/snowy_podzol/snowy_podzol_03"
    },
	{
      "model": "minecraft:block/variated/grass_block/snowy_podzol/snowy_podzol_04"
    },
	{
      "model": "minecraft:block/variated/grass_block/snowy_podzol/snowy_podzol_05"
    }
	]
  }
}