{
	"variants": {
		"": [
			{
				"model": "block/poppy"
			},
			{
				"model": "block/variated/plant/poppy/block/poppy_01"
			},
			{
				"model": "block/variated/plant/poppy/block/poppy_02"
			},
			{
				"model": "block/variated/plant/poppy/block/poppy_03"
			},
			{
				"model": "block/variated/plant/poppy/block/poppy_04"
			},
			{
				"model": "block/variated/plant/poppy/block/poppy_05"
			},
			{
				"model": "block/variated/plant/poppy/block/poppy_06"
			},
			{
				"model": "block/variated/plant/poppy/block/poppy_07"
			}
		]
	}
}