{
	"variants": {
		"": [
			{
				"model": "block/potted_bamboo"
			},
			{
				"model": "block/variated/plant/potted_bamboo/potted_bamboo_01"
			},
			{
				"model": "block/variated/plant/potted_bamboo/potted_bamboo_02"
			},
			{
				"model": "block/variated/plant/potted_bamboo/potted_bamboo_03"
			},
			{
				"model": "block/potted_bamboo",
				"y": 90
			},
			{
				"model": "block/variated/plant/potted_bamboo/potted_bamboo_01",
				"y": 90
			},
			{
				"model": "block/variated/plant/potted_bamboo/potted_bamboo_02",
				"y": 90
			},
			{
				"model": "block/variated/plant/potted_bamboo/potted_bamboo_03",
				"y": 90
			},
			{
				"model": "block/potted_bamboo",
				"y": 180
			},
			{
				"model": "block/variated/plant/potted_bamboo/potted_bamboo_01",
				"y": 180
			},
			{
				"model": "block/variated/plant/potted_bamboo/potted_bamboo_02",
				"y": 180
			},
			{
				"model": "block/variated/plant/potted_bamboo/potted_bamboo_03",
				"y": 180
			},
			{
				"model": "block/potted_bamboo",
				"y": 270
			},
			{
				"model": "block/variated/plant/potted_bamboo/potted_bamboo_01",
				"y": 270
			},
			{
				"model": "block/variated/plant/potted_bamboo/potted_bamboo_02",
				"y": 270
			},
			{
				"model": "block/variated/plant/potted_bamboo/potted_bamboo_03",
				"y": 270
			}
		]
	}
}