{
	"variants": {
		"": [
			{
				"model": "block/potted_dandelion"
			},
			{
				"model": "block/variated/plant/dandelion/potted/potted_dandelion_01"
			},
			{
				"model": "block/variated/plant/dandelion/potted/potted_dandelion_02"
			},
			{
				"model": "block/variated/plant/dandelion/potted/potted_dandelion_03"
			},
			{
				"model": "block/variated/plant/dandelion/potted/potted_dandelion_04"
			},
			{
				"model": "block/variated/plant/dandelion/potted/potted_dandelion_05"
			},
			{
				"model": "block/variated/plant/dandelion/potted/potted_dandelion_06"
			},
			{
				"model": "block/variated/plant/dandelion/potted/potted_dandelion_07"
			}
		]
	}
}