{
	"variants": {
		"": [
			{
				"model": "block/potted_cherry_sapling"
			},
			{
				"model": "block/variated/plant/sapling/cherry/adult/potted/potted_cherry_sapling_01"
			},
			{
				"model": "block/variated/plant/sapling/cherry/adult/potted/potted_cherry_sapling_02"
			},
			{
				"model": "block/variated/plant/sapling/cherry/adult/potted/potted_cherry_sapling_03"
			},
			{
				"model": "block/variated/plant/sapling/cherry/adult/potted/potted_cherry_sapling_04"
			},
			{
				"model": "block/variated/plant/sapling/cherry/adult/potted/potted_cherry_sapling_05"
			}
		]
	}
}