{
	"variants": {
		"": [
			{
				"model": "block/potted_spruce_sapling"
			},
			{
				"model": "block/variated/plant/sapling/spruce/adult/potted/potted_spruce_sapling_01"
			},
			{
				"model": "block/variated/plant/sapling/spruce/adult/potted/potted_spruce_sapling_02"
			},
			{
				"model": "block/variated/plant/sapling/spruce/adult/potted/potted_spruce_sapling_03"
			},
			{
				"model": "block/variated/plant/sapling/spruce/adult/potted/potted_spruce_sapling_04"
			},
			{
				"model": "block/variated/plant/sapling/spruce/adult/potted/potted_spruce_sapling_05"
			}
		]
	}
}