{
	"variants": {
		"": [
			{
				"model": "block/potted_oak_sapling"
			},
			{
				"model": "block/variated/plant/sapling/oak/adult/potted/potted_oak_sapling_01"
			},
			{
				"model": "block/variated/plant/sapling/oak/adult/potted/potted_oak_sapling_02"
			},
			{
				"model": "block/variated/plant/sapling/oak/adult/potted/potted_oak_sapling_03"
			},
			{
				"model": "block/variated/plant/sapling/oak/adult/potted/potted_oak_sapling_04"
			},
			{
				"model": "block/variated/plant/sapling/oak/adult/potted/potted_oak_sapling_05"
			}
		]
	}
}