{
	"variants": {
		"": [
			{
				"model": "block/potted_torchflower"
			},
			{
				"model": "block/variated/plant/torchflower/potted/potted_torchflower_01"
			},
			{
				"model": "block/variated/plant/torchflower/potted/potted_torchflower_02"
			},
			{
				"model": "block/variated/plant/torchflower/potted/potted_torchflower_03"
			},
			{
				"model": "block/variated/plant/torchflower/potted/potted_torchflower_04"
			},
			{
				"model": "block/variated/plant/torchflower/potted/potted_torchflower_05"
			}
		]
	}
}