{
	"variants": {
		"": [
			{
				"model": "block/potted_acacia_sapling"
			},
			{
				"model": "block/variated/plant/sapling/acacia/adult/potted/potted_acacia_sapling_01"
			},
			{
				"model": "block/variated/plant/sapling/acacia/adult/potted/potted_acacia_sapling_02"
			},
			{
				"model": "block/variated/plant/sapling/acacia/adult/potted/potted_acacia_sapling_03"
			},
			{
				"model": "block/variated/plant/sapling/acacia/adult/potted/potted_acacia_sapling_04"
			},
			{
				"model": "block/variated/plant/sapling/acacia/adult/potted/potted_acacia_sapling_05"
			}
		]
	}
}