{
	"variants": {
		"": [
			{
				"model": "block/potted_birch_sapling"
			},
			{
				"model": "block/variated/plant/sapling/birch/adult/potted/potted_birch_sapling_01"
			},
			{
				"model": "block/variated/plant/sapling/birch/adult/potted/potted_birch_sapling_02"
			},
			{
				"model": "block/variated/plant/sapling/birch/adult/potted/potted_birch_sapling_03"
			},
			{
				"model": "block/variated/plant/sapling/birch/adult/potted/potted_birch_sapling_04"
			},
			{
				"model": "block/variated/plant/sapling/birch/adult/potted/potted_birch_sapling_05"
			}
		]
	}
}