{
	"variants": {
		"": [
			{
				"model": "block/potted_poppy"
			},
			{
				"model": "block/variated/plant/poppy/potted/potted_poppy_01"
			},
			{
				"model": "block/variated/plant/poppy/potted/potted_poppy_02"
			},
			{
				"model": "block/variated/plant/poppy/potted/potted_poppy_03"
			},
			{
				"model": "block/variated/plant/poppy/potted/potted_poppy_04"
			},
			{
				"model": "block/variated/plant/poppy/potted/potted_poppy_05"
			},
			{
				"model": "block/variated/plant/poppy/potted/potted_poppy_06"
			},
			{
				"model": "block/variated/plant/poppy/potted/potted_poppy_07"
			}
		]
	}
}