{
	"variants": {
		"": [
			{
				"model": "block/potted_red_tulip"
			},
			{
				"model": "block/variated/plant/red_tulip/potted/potted_red_tulip_01"
			},
			{
				"model": "block/variated/plant/red_tulip/potted/potted_red_tulip_02"
			},
			{
				"model": "block/variated/plant/red_tulip/potted/potted_red_tulip_03"
			},
			{
				"model": "block/variated/plant/red_tulip/potted/potted_red_tulip_04"
			},
			{
				"model": "block/variated/plant/red_tulip/potted/potted_red_tulip_05"
			}
		]
	}
}