{
	"variants": {
		"": [
			{
				"model": "block/potted_wither_rose"
			},
			{
				"model": "block/variated/plant/wither_rose/potted/potted_wither_rose_01"
			},
			{
				"model": "block/variated/plant/wither_rose/potted/potted_wither_rose_02"
			},
			{
				"model": "block/variated/plant/wither_rose/potted/potted_wither_rose_03"
			},
			{
				"model": "block/variated/plant/wither_rose/potted/potted_wither_rose_04"
			},
			{
				"model": "block/variated/plant/wither_rose/potted/potted_wither_rose_05"
			}
		]
	}
}