{
	"variants": {
		"": [
			{
				"model": "block/potted_white_tulip"
			},
			{
				"model": "block/variated/plant/white_tulip/potted/potted_white_tulip_01"
			},
			{
				"model": "block/variated/plant/white_tulip/potted/potted_white_tulip_02"
			},
			{
				"model": "block/variated/plant/white_tulip/potted/potted_white_tulip_03"
			},
			{
				"model": "block/variated/plant/white_tulip/potted/potted_white_tulip_04"
			},
			{
				"model": "block/variated/plant/white_tulip/potted/potted_white_tulip_05"
			}
		]
	}
}