{
	"variants": {
		"": [
			{
				"model": "block/potted_jungle_sapling"
			},
			{
				"model": "block/variated/plant/sapling/jungle/adult/potted/potted_jungle_sapling_01"
			},
			{
				"model": "block/variated/plant/sapling/jungle/adult/potted/potted_jungle_sapling_02"
			},
			{
				"model": "block/variated/plant/sapling/jungle/adult/potted/potted_jungle_sapling_03"
			},
			{
				"model": "block/variated/plant/sapling/jungle/adult/potted/potted_jungle_sapling_04"
			},
			{
				"model": "block/variated/plant/sapling/jungle/adult/potted/potted_jungle_sapling_05"
			}
		]
	}
}