{
	"variants": {
		"": [
			{
				"model": "block/potted_closed_eyeblossom"
			},
			{
				"model": "block/variated/plant/eyeblossom/closed/potted/potted_closed_eyeblossom_01"
			},
			{
				"model": "block/variated/plant/eyeblossom/closed/potted/potted_closed_eyeblossom_02"
			},
			{
				"model": "block/variated/plant/eyeblossom/closed/potted/potted_closed_eyeblossom_03"
			},
			{
				"model": "block/variated/plant/eyeblossom/closed/potted/potted_closed_eyeblossom_04"
			},
			{
				"model": "block/variated/plant/eyeblossom/closed/potted/potted_closed_eyeblossom_05"
			}
		]
	}
}