{
	"variants": {
		"": [
			{
				"model": "block/potted_azure_bluet"
			},
			{
				"model": "block/variated/plant/azure_bluet/potted/potted_azure_bluet_01"
			},
			{
				"model": "block/variated/plant/azure_bluet/potted/potted_azure_bluet_02"
			},
			{
				"model": "block/variated/plant/azure_bluet/potted/potted_azure_bluet_03"
			},
			{
				"model": "block/variated/plant/azure_bluet/potted/potted_azure_bluet_04"
			},
			{
				"model": "block/variated/plant/azure_bluet/potted/potted_azure_bluet_05"
			}
		]
	}
}