{
	"variants": {
		"": [
			{
				"model": "block/potted_pink_tulip"
			},
			{
				"model": "block/variated/plant/pink_tulip/potted/potted_pink_tulip_01"
			},
			{
				"model": "block/variated/plant/pink_tulip/potted/potted_pink_tulip_02"
			},
			{
				"model": "block/variated/plant/pink_tulip/potted/potted_pink_tulip_03"
			},
			{
				"model": "block/variated/plant/pink_tulip/potted/potted_pink_tulip_04"
			},
			{
				"model": "block/variated/plant/pink_tulip/potted/potted_pink_tulip_05"
			}
		]
	}
}