{
	"variants": {
		"": [
			{
				"model": "block/potted_cornflower"
			},
			{
				"model": "block/variated/plant/cornflower/potted/potted_cornflower_01"
			},
			{
				"model": "block/variated/plant/cornflower/potted/potted_cornflower_02"
			},
			{
				"model": "block/variated/plant/cornflower/potted/potted_cornflower_03"
			},
			{
				"model": "block/variated/plant/cornflower/potted/potted_cornflower_04"
			},
			{
				"model": "block/variated/plant/cornflower/potted/potted_cornflower_05"
			}
		]
	}
}