{
	"variants": {
		"": [
			{
				"model": "block/potted_oxeye_daisy"
			},
			{
				"model": "block/variated/plant/oxeye_daisy/potted/potted_oxeye_daisy_01"
			},
			{
				"model": "block/variated/plant/oxeye_daisy/potted/potted_oxeye_daisy_02"
			},
			{
				"model": "block/variated/plant/oxeye_daisy/potted/potted_oxeye_daisy_03"
			},
			{
				"model": "block/variated/plant/oxeye_daisy/potted/potted_oxeye_daisy_04"
			},
			{
				"model": "block/variated/plant/oxeye_daisy/potted/potted_oxeye_daisy_05"
			}
		]
	}
}