{
	"variants": {
		"axis=x": [
			{
				"model": "minecraft:block/purpur_pillar_horizontal",
				"x": 90,
				"y": 90
			},
			{
				"model": "minecraft:block/variated/purpur/pillar/purpur_pillar_horizontal_01",
				"x": 90,
				"y": 90
			},
			{
				"model": "minecraft:block/variated/purpur/pillar/purpur_pillar_horizontal_02",
				"x": 90,
				"y": 90
			},
			{
				"model": "minecraft:block/variated/purpur/pillar/purpur_pillar_horizontal_03",
				"x": 90,
				"y": 90
			}
		],
		"axis=y": [
			{
				"model": "minecraft:block/purpur_pillar"
			},
			{
				"model": "minecraft:block/variated/purpur/pillar/purpur_pillar_01"
			},
			{
				"model": "minecraft:block/variated/purpur/pillar/purpur_pillar_02"
			},
			{
				"model": "minecraft:block/variated/purpur/pillar/purpur_pillar_03"
			}
		],
		"axis=z": [
			{
				"model": "minecraft:block/purpur_pillar_horizontal",
				"x": 90
			},
			{
				"model": "minecraft:block/variated/purpur/pillar/purpur_pillar_horizontal_01",
				"x": 90
			},
			{
				"model": "minecraft:block/variated/purpur/pillar/purpur_pillar_horizontal_02",
				"x": 90
			},
			{
				"model": "minecraft:block/variated/purpur/pillar/purpur_pillar_horizontal_03",
				"x": 90
			}
		]
	}
}