{
	"variants": {
		"": [
			{
				"model": "block/red_mushroom"
			},
			{
				"model": "block/variated/plant/red_mushroom/block/red_mushroom_01"
			},
			{
				"model": "block/variated/plant/red_mushroom/block/red_mushroom_02"
			},
			{
				"model": "block/variated/plant/red_mushroom/block/red_mushroom_03"
			},
			{
				"model": "block/variated/plant/red_mushroom/block/red_mushroom_04"
			},
			{
				"model": "block/variated/plant/red_mushroom/block/red_mushroom_05"
			}
		]
	}
}