{
  "variants": {
      "half=lower": [
		       { "model": "minecraft:block/variated/plant/rose_bush/rose_bush_bottom_01" },
		       { "model": "minecraft:block/variated/plant/rose_bush/rose_bush_bottom_02" },
		       { "model": "minecraft:block/variated/plant/rose_bush/rose_bush_bottom_03" },
		       { "model": "minecraft:block/variated/plant/rose_bush/rose_bush_bottom_04" },
		       { "model": "minecraft:block/variated/plant/rose_bush/rose_bush_bottom_05" },
		       { "model": "minecraft:block/variated/plant/rose_bush/rose_bush_bottom_06" }
		    ],
      "half=upper": [
		       { "model": "minecraft:block/variated/plant/rose_bush/rose_bush_top_01" },
		       { "model": "minecraft:block/variated/plant/rose_bush/rose_bush_top_02" },
		       { "model": "minecraft:block/variated/plant/rose_bush/rose_bush_top_03" },
		       { "model": "minecraft:block/variated/plant/rose_bush/rose_bush_top_04" },
		       { "model": "minecraft:block/variated/plant/rose_bush/rose_bush_top_05" },
		       { "model": "minecraft:block/variated/plant/rose_bush/rose_bush_top_06" }
		    ]
		}
}