{
	"variants": {
		"": [
			{
				"model": "block/sand"
			},
			{
				"model": "block/variated/sand/sand_01"
			},
			{
				"model": "block/variated/sand/sand_02"
			},
			{
				"model": "block/variated/sand/sand_03"
			},
			{
				"model": "block/variated/sand/sand_04"
			},
			{
				"model": "block/variated/sand/sand_05"
			},
			{
				"model": "block/variated/sand/sand_06"
			},
			{
				"model": "block/variated/sand/sand_07"
			},
			{
				"model": "block/variated/sand/sand_08"
			},
			{
				"model": "block/variated/sand/sand_09"
			},
			{
				"model": "block/variated/sand/sand_10"
			},
			{
				"model": "block/variated/sand/sand_11"
			},
			{
				"model": "block/variated/sand/sand_12"
			},
			{
				"model": "block/variated/sand/sand_13"
			},
			{
				"model": "block/variated/sand/sand_14"
			},
			{
				"model": "block/variated/sand/sand_15"
			}
		]
	}
}