{
  "variants": {
    "bottom=false": {
      "model": "minecraft:block/scaffolding_stable"
    },

    "bottom=true,distance=0": {
      "model": "minecraft:block/scaffolding_unstable"
    },

    "bottom=true,distance=1": {
      "model": "minecraft:block/scaffolding_unstable"
    },

    "bottom=true,distance=2": {
      "model": "minecraft:block/scaffolding_unstable"
    },

    "bottom=true,distance=3": {
      "model": "minecraft:block/scaffolding_unstable"
    },

    "bottom=true,distance=4": {
      "model": "minecraft:block/scaffolding_unstable_distance_4"
    },

    "bottom=true,distance=5": {
      "model": "minecraft:block/scaffolding_unstable_distance_5"
    },

    "bottom=true,distance=6": {
      "model": "minecraft:block/scaffolding_unstable_distance_6"
    },

    "bottom=true,distance=7": {
      "model": "minecraft:block/scaffolding_fall"
    }
  }
}