{
  "variants": {
    "": [
      { "model": "block/sculk" },
      { "model": "block/variated/sculk/sculk_01" },
      { "model": "block/variated/sculk/sculk_02" },
      { "model": "block/variated/sculk/sculk_03" },
      { "model": "block/variated/sculk/sculk_04" },
      { "model": "block/variated/sculk/sculk_05" },  
	  { "model": "block/sculk_mirrored" },
	  { "model": "block/variated/sculk/sculk_mirrored_01" },
      { "model": "block/variated/sculk/sculk_mirrored_02" },
      { "model": "block/variated/sculk/sculk_mirrored_03" },
      { "model": "block/variated/sculk/sculk_mirrored_04" },
      { "model": "block/variated/sculk/sculk_mirrored_05" },
	  { "model": "block/sculk", "y": 90 },
      { "model": "block/variated/sculk/sculk_01", "y": 90 },
      { "model": "block/variated/sculk/sculk_02", "y": 90 },
      { "model": "block/variated/sculk/sculk_03", "y": 90 },
      { "model": "block/variated/sculk/sculk_04", "y": 90 },
      { "model": "block/variated/sculk/sculk_05", "y": 90 },
	  { "model": "block/sculk_mirrored", "y": 90 },
      { "model": "block/variated/sculk/sculk_mirrored_01", "y": 90 },
      { "model": "block/variated/sculk/sculk_mirrored_02", "y": 90 },
      { "model": "block/variated/sculk/sculk_mirrored_03", "y": 90 },
      { "model": "block/variated/sculk/sculk_mirrored_04", "y": 90 },
      { "model": "block/variated/sculk/sculk_mirrored_05", "y": 90 },
	  { "model": "block/sculk", "y": 180 },
      { "model": "block/variated/sculk/sculk_01", "y": 180 },
      { "model": "block/variated/sculk/sculk_02", "y": 180 },
      { "model": "block/variated/sculk/sculk_03", "y": 180 },
      { "model": "block/variated/sculk/sculk_04", "y": 180 },
      { "model": "block/variated/sculk/sculk_05", "y": 180 },
	  { "model": "block/sculk_mirrored", "y": 180 },
      { "model": "block/variated/sculk/sculk_mirrored_01", "y": 180 },
      { "model": "block/variated/sculk/sculk_mirrored_02", "y": 180 },
      { "model": "block/variated/sculk/sculk_mirrored_03", "y": 180 },
      { "model": "block/variated/sculk/sculk_mirrored_04", "y": 180 },
      { "model": "block/variated/sculk/sculk_mirrored_05", "y": 180 },
	  { "model": "block/sculk", "y": 270 },
      { "model": "block/variated/sculk/sculk_01", "y": 270 },
      { "model": "block/variated/sculk/sculk_02", "y": 270 },
      { "model": "block/variated/sculk/sculk_03", "y": 270 },
      { "model": "block/variated/sculk/sculk_04", "y": 270 },
      { "model": "block/variated/sculk/sculk_05", "y": 270 },
	  { "model": "block/sculk_mirrored", "y": 270 },
      { "model": "block/variated/sculk/sculk_mirrored_01", "y": 270 },
      { "model": "block/variated/sculk/sculk_mirrored_02", "y": 270 },
      { "model": "block/variated/sculk/sculk_mirrored_03", "y": 270 },
      { "model": "block/variated/sculk/sculk_mirrored_04", "y": 270 },
      { "model": "block/variated/sculk/sculk_mirrored_05", "y": 270 },
	  { "model": "block/sculk", "x": 90 },
      { "model": "block/variated/sculk/sculk_01", "x": 90 },
      { "model": "block/variated/sculk/sculk_02", "x": 90 },
      { "model": "block/variated/sculk/sculk_03", "x": 90 },
      { "model": "block/variated/sculk/sculk_04", "x": 90 },
      { "model": "block/variated/sculk/sculk_05", "x": 90 },
	  { "model": "block/sculk_mirrored", "x": 90 },
      { "model": "block/variated/sculk/sculk_mirrored_01", "x": 90 },
      { "model": "block/variated/sculk/sculk_mirrored_02", "x": 90 },
      { "model": "block/variated/sculk/sculk_mirrored_03", "x": 90 },
      { "model": "block/variated/sculk/sculk_mirrored_04", "x": 90 },
      { "model": "block/variated/sculk/sculk_mirrored_05", "x": 90 },
	  { "model": "block/sculk", "x": 180 },
      { "model": "block/variated/sculk/sculk_01", "x": 180 },
      { "model": "block/variated/sculk/sculk_02", "x": 180 },
      { "model": "block/variated/sculk/sculk_03", "x": 180 },
      { "model": "block/variated/sculk/sculk_04", "x": 180 },
      { "model": "block/variated/sculk/sculk_05", "x": 180 },
	  { "model": "block/sculk_mirrored", "x": 180 },
      { "model": "block/variated/sculk/sculk_mirrored_01", "x": 180 },
      { "model": "block/variated/sculk/sculk_mirrored_02", "x": 180 },
      { "model": "block/variated/sculk/sculk_mirrored_03", "x": 180 },
      { "model": "block/variated/sculk/sculk_mirrored_04", "x": 180 },
      { "model": "block/variated/sculk/sculk_mirrored_05", "x": 180 },
	  { "model": "block/sculk", "x": 270 },
      { "model": "block/variated/sculk/sculk_01", "x": 270 },
      { "model": "block/variated/sculk/sculk_02", "x": 270 },
      { "model": "block/variated/sculk/sculk_03", "x": 270 },
      { "model": "block/variated/sculk/sculk_04", "x": 270 },
      { "model": "block/variated/sculk/sculk_05", "x": 270 },
	  { "model": "block/sculk_mirrored", "x": 270 },
      { "model": "block/variated/sculk/sculk_mirrored_01", "x": 270 },
      { "model": "block/variated/sculk/sculk_mirrored_02", "x": 270 },
      { "model": "block/variated/sculk/sculk_mirrored_03", "x": 270 },
      { "model": "block/variated/sculk/sculk_mirrored_04", "x": 270 },
      { "model": "block/variated/sculk/sculk_mirrored_05", "x": 270 }
    ]
  }
}