{
	"variants": {
		"": [
			{
				"model": "block/soul_sand"
			},
			{
				"model": "block/variated/sand/soul_sand/soul_sand_01"
			},
			{
				"model": "block/variated/sand/soul_sand/soul_sand_02"
			},
			{
				"model": "block/variated/sand/soul_sand/soul_sand_03"
			},
			{
				"model": "block/variated/sand/soul_sand/soul_sand_04"
			},
			{
				"model": "block/variated/sand/soul_sand/soul_sand_05"
			},
			{
				"model": "block/variated/sand/soul_sand/soul_sand_06"
			},
			{
				"model": "block/variated/sand/soul_sand/soul_sand_07"
			},
			{
				"model": "block/variated/sand/soul_sand/soul_sand_08"
			},
			{
				"model": "block/variated/sand/soul_sand/soul_sand_09"
			},
			{
				"model": "block/variated/sand/soul_sand/soul_sand_10"
			}
		]
	}
}