{
	"variants": {
		"": [
			{
				"model": "minecraft:block/spore_blossom"
			},
			{
				"model": "minecraft:block/variated/plant/spore_blossom/spore_blossom_01"
			},
			{
				"model": "minecraft:block/variated/plant/spore_blossom/spore_blossom_02"
			},
			{
				"model": "minecraft:block/variated/plant/spore_blossom/spore_blossom_03"
			},
			{
				"model": "minecraft:block/variated/plant/spore_blossom/spore_blossom_04"
			},
			{
				"model": "minecraft:block/variated/plant/spore_blossom/spore_blossom_05"
			},
			{
				"model": "minecraft:block/variated/plant/spore_blossom/spore_blossom_06"
			},
			{
				"model": "minecraft:block/variated/plant/spore_blossom/spore_blossom_07"
			},
			{
				"model": "minecraft:block/variated/plant/spore_blossom/spore_blossom_08"
			},
			{
				"model": "minecraft:block/variated/plant/spore_blossom/spore_blossom_09"
			}
		]
	}
}