{
  "variants": {
    
	"facing=east,half=bottom,shape=straight": [
	  {"model":"block/stone_stairs"},
	  {"model":"block/variated/stone/stairs/stone_stairs_01"},
	  {"model":"block/variated/stone/stairs/stone_stairs_02"},
	  {"model":"block/variated/stone/stairs/stone_stairs_03"},
	  {"model":"block/variated/stone/stairs/stone_stairs_04"},
	  {"model":"block/variated/stone/stairs/stone_stairs_05"},
	  {"model":"block/variated/stone/stairs/stone_stairs_06"},
	  {"model":"block/variated/stone/stairs/stone_stairs_07"},
	  {"model":"block/variated/stone/stairs/stone_stairs_08"},
	  {"model":"block/variated/stone/stairs/stone_stairs_09"},
	  {"model":"block/variated/stone/stairs/stone_stairs_10"},
	  {"model":"block/variated/stone/stairs/stone_stairs_11"},
	  {"model":"block/variated/stone/stairs/stone_stairs_12"} ],
	
	"facing=west,half=bottom,shape=straight": [
	  {"model":"block/stone_stairs","y":180,"uvlock":true},
	  {"model":"block/variated/stone/stairs/stone_stairs_01","y":180,"uvlock":true},
	  {"model":"block/variated/stone/stairs/stone_stairs_02","y":180,"uvlock":true},
	  {"model":"block/variated/stone/stairs/stone_stairs_03","y":180,"uvlock":true},
	  {"model":"block/variated/stone/stairs/stone_stairs_04","y":180,"uvlock":true},
	  {"model":"block/variated/stone/stairs/stone_stairs_05","y":180,"uvlock":true},
	  {"model":"block/variated/stone/stairs/stone_stairs_06","y":180,"uvlock":true},
	  {"model":"block/variated/stone/stairs/stone_stairs_07","y":180,"uvlock":true},
	  {"model":"block/variated/stone/stairs/stone_stairs_08","y":180,"uvlock":true},
	  {"model":"block/variated/stone/stairs/stone_stairs_09","y":180,"uvlock":true},
	  {"model":"block/variated/stone/stairs/stone_stairs_10","y":180,"uvlock":true},
	  {"model":"block/variated/stone/stairs/stone_stairs_11","y":180,"uvlock":true},
	  {"model":"block/variated/stone/stairs/stone_stairs_12","y":180,"uvlock":true} ],
	
	"facing=south,half=bottom,shape=straight":[
	  {"model":"block/stone_stairs","y":90,"uvlock":true},
	  {"model":"block/variated/stone/stairs/stone_stairs_01","y":90,"uvlock":true},
	  {"model":"block/variated/stone/stairs/stone_stairs_02","y":90,"uvlock":true},
	  {"model":"block/variated/stone/stairs/stone_stairs_03","y":90,"uvlock":true},
	  {"model":"block/variated/stone/stairs/stone_stairs_04","y":90,"uvlock":true},
	  {"model":"block/variated/stone/stairs/stone_stairs_05","y":90,"uvlock":true},
	  {"model":"block/variated/stone/stairs/stone_stairs_06","y":90,"uvlock":true},
	  {"model":"block/variated/stone/stairs/stone_stairs_07","y":90,"uvlock":true},
	  {"model":"block/variated/stone/stairs/stone_stairs_08","y":90,"uvlock":true},
	  {"model":"block/variated/stone/stairs/stone_stairs_09","y":90,"uvlock":true},
	  {"model":"block/variated/stone/stairs/stone_stairs_10","y":90,"uvlock":true},
	  {"model":"block/variated/stone/stairs/stone_stairs_11","y":90,"uvlock":true},
	  {"model":"block/variated/stone/stairs/stone_stairs_12","y":90,"uvlock":true} ],
	
	"facing=north,half=bottom,shape=straight":[
	  {"model":"block/stone_stairs","y":270,"uvlock":true},
	  {"model":"block/variated/stone/stairs/stone_stairs_01","y":270,"uvlock":true},
	  {"model":"block/variated/stone/stairs/stone_stairs_02","y":270,"uvlock":true},
	  {"model":"block/variated/stone/stairs/stone_stairs_03","y":270,"uvlock":true},
	  {"model":"block/variated/stone/stairs/stone_stairs_04","y":270,"uvlock":true},
	  {"model":"block/variated/stone/stairs/stone_stairs_05","y":270,"uvlock":true},
	  {"model":"block/variated/stone/stairs/stone_stairs_06","y":270,"uvlock":true},
	  {"model":"block/variated/stone/stairs/stone_stairs_07","y":270,"uvlock":true},
	  {"model":"block/variated/stone/stairs/stone_stairs_08","y":270,"uvlock":true},
	  {"model":"block/variated/stone/stairs/stone_stairs_09","y":270,"uvlock":true},
	  {"model":"block/variated/stone/stairs/stone_stairs_10","y":270,"uvlock":true},
	  {"model":"block/variated/stone/stairs/stone_stairs_11","y":270,"uvlock":true},
	  {"model":"block/variated/stone/stairs/stone_stairs_12","y":270,"uvlock":true} ],
	
	"facing=east,half=bottom,shape=outer_right":[
	  {"model":"block/stone_stairs_outer"},
	  {"model":"block/variated/stone/stairs_outer/stone_stairs_outer_01"},
	  {"model":"block/variated/stone/stairs_outer/stone_stairs_outer_02"},
	  {"model":"block/variated/stone/stairs_outer/stone_stairs_outer_03"},
	  {"model":"block/variated/stone/stairs_outer/stone_stairs_outer_04"},
	  {"model":"block/variated/stone/stairs_outer/stone_stairs_outer_05"},
	  {"model":"block/variated/stone/stairs_outer/stone_stairs_outer_06"},
	  {"model":"block/variated/stone/stairs_outer/stone_stairs_outer_07"},
	  {"model":"block/variated/stone/stairs_outer/stone_stairs_outer_08"},
	  {"model":"block/variated/stone/stairs_outer/stone_stairs_outer_09"},
	  {"model":"block/variated/stone/stairs_outer/stone_stairs_outer_10"},
	  {"model":"block/variated/stone/stairs_outer/stone_stairs_outer_11"},
	  {"model":"block/variated/stone/stairs_outer/stone_stairs_outer_12"} ],
	
	"facing=west,half=bottom,shape=outer_right": [
	  {"model":"block/stone_stairs_outer","y":180,"uvlock":true},
	  {"model":"block/variated/stone/stairs_outer/stone_stairs_outer_01","y":180,"uvlock":true},
	  {"model":"block/variated/stone/stairs_outer/stone_stairs_outer_02","y":180,"uvlock":true},
	  {"model":"block/variated/stone/stairs_outer/stone_stairs_outer_03","y":180,"uvlock":true},
	  {"model":"block/variated/stone/stairs_outer/stone_stairs_outer_04","y":180,"uvlock":true},
	  {"model":"block/variated/stone/stairs_outer/stone_stairs_outer_05","y":180,"uvlock":true},
	  {"model":"block/variated/stone/stairs_outer/stone_stairs_outer_06","y":180,"uvlock":true},
	  {"model":"block/variated/stone/stairs_outer/stone_stairs_outer_07","y":180,"uvlock":true},
	  {"model":"block/variated/stone/stairs_outer/stone_stairs_outer_08","y":180,"uvlock":true},
	  {"model":"block/variated/stone/stairs_outer/stone_stairs_outer_09","y":180,"uvlock":true},
	  {"model":"block/variated/stone/stairs_outer/stone_stairs_outer_10","y":180,"uvlock":true},
	  {"model":"block/variated/stone/stairs_outer/stone_stairs_outer_11","y":180,"uvlock":true},
	  {"model":"block/variated/stone/stairs_outer/stone_stairs_outer_12","y":180,"uvlock":true} ],
	
	"facing=south,half=bottom,shape=outer_right": [
	  {"model":"block/stone_stairs_outer","y":90,"uvlock":true},
	  {"model":"block/variated/stone/stairs_outer/stone_stairs_outer_01","y":90,"uvlock":true},
	  {"model":"block/variated/stone/stairs_outer/stone_stairs_outer_02","y":90,"uvlock":true},
	  {"model":"block/variated/stone/stairs_outer/stone_stairs_outer_03","y":90,"uvlock":true},
	  {"model":"block/variated/stone/stairs_outer/stone_stairs_outer_04","y":90,"uvlock":true},
	  {"model":"block/variated/stone/stairs_outer/stone_stairs_outer_05","y":90,"uvlock":true},
	  {"model":"block/variated/stone/stairs_outer/stone_stairs_outer_06","y":90,"uvlock":true},
	  {"model":"block/variated/stone/stairs_outer/stone_stairs_outer_07","y":90,"uvlock":true},
	  {"model":"block/variated/stone/stairs_outer/stone_stairs_outer_08","y":90,"uvlock":true},
	  {"model":"block/variated/stone/stairs_outer/stone_stairs_outer_09","y":90,"uvlock":true},
	  {"model":"block/variated/stone/stairs_outer/stone_stairs_outer_10","y":90,"uvlock":true},
	  {"model":"block/variated/stone/stairs_outer/stone_stairs_outer_11","y":90,"uvlock":true},
	  {"model":"block/variated/stone/stairs_outer/stone_stairs_outer_12","y":90,"uvlock":true} ],
	
	"facing=north,half=bottom,shape=outer_right": [
	  {"model":"block/stone_stairs_outer","y":270,"uvlock":true},
	  {"model":"block/variated/stone/stairs_outer/stone_stairs_outer_01","y":270,"uvlock":true},
	  {"model":"block/variated/stone/stairs_outer/stone_stairs_outer_02","y":270,"uvlock":true},
	  {"model":"block/variated/stone/stairs_outer/stone_stairs_outer_03","y":270,"uvlock":true},
	  {"model":"block/variated/stone/stairs_outer/stone_stairs_outer_04","y":270,"uvlock":true},
	  {"model":"block/variated/stone/stairs_outer/stone_stairs_outer_05","y":270,"uvlock":true},
	  {"model":"block/variated/stone/stairs_outer/stone_stairs_outer_06","y":270,"uvlock":true},
	  {"model":"block/variated/stone/stairs_outer/stone_stairs_outer_07","y":270,"uvlock":true},
	  {"model":"block/variated/stone/stairs_outer/stone_stairs_outer_08","y":270,"uvlock":true},
	  {"model":"block/variated/stone/stairs_outer/stone_stairs_outer_09","y":270,"uvlock":true},
	  {"model":"block/variated/stone/stairs_outer/stone_stairs_outer_10","y":270,"uvlock":true},
	  {"model":"block/variated/stone/stairs_outer/stone_stairs_outer_11","y":270,"uvlock":true},
	  {"model":"block/variated/stone/stairs_outer/stone_stairs_outer_12","y":270,"uvlock":true} ],
	
	"facing=east,half=bottom,shape=outer_left": [
	  {"model":"block/stone_stairs_outer","y":270,"uvlock":true},
	  {"model":"block/variated/stone/stairs_outer/stone_stairs_outer_01","y":270,"uvlock":true},
	  {"model":"block/variated/stone/stairs_outer/stone_stairs_outer_02","y":270,"uvlock":true},
	  {"model":"block/variated/stone/stairs_outer/stone_stairs_outer_03","y":270,"uvlock":true},
	  {"model":"block/variated/stone/stairs_outer/stone_stairs_outer_04","y":270,"uvlock":true},
	  {"model":"block/variated/stone/stairs_outer/stone_stairs_outer_05","y":270,"uvlock":true},
	  {"model":"block/variated/stone/stairs_outer/stone_stairs_outer_06","y":270,"uvlock":true},
	  {"model":"block/variated/stone/stairs_outer/stone_stairs_outer_07","y":270,"uvlock":true},
	  {"model":"block/variated/stone/stairs_outer/stone_stairs_outer_08","y":270,"uvlock":true},
	  {"model":"block/variated/stone/stairs_outer/stone_stairs_outer_09","y":270,"uvlock":true},
	  {"model":"block/variated/stone/stairs_outer/stone_stairs_outer_10","y":270,"uvlock":true},
	  {"model":"block/variated/stone/stairs_outer/stone_stairs_outer_11","y":270,"uvlock":true},
	  {"model":"block/variated/stone/stairs_outer/stone_stairs_outer_12","y":270,"uvlock":true} ],
	
	"facing=west,half=bottom,shape=outer_left": [
	  {"model":"block/stone_stairs_outer","y":90,"uvlock":true},
	  {"model":"block/variated/stone/stairs_outer/stone_stairs_outer_01","y":90,"uvlock":true},
	  {"model":"block/variated/stone/stairs_outer/stone_stairs_outer_02","y":90,"uvlock":true},
	  {"model":"block/variated/stone/stairs_outer/stone_stairs_outer_03","y":90,"uvlock":true},
	  {"model":"block/variated/stone/stairs_outer/stone_stairs_outer_04","y":90,"uvlock":true},
	  {"model":"block/variated/stone/stairs_outer/stone_stairs_outer_05","y":90,"uvlock":true},
	  {"model":"block/variated/stone/stairs_outer/stone_stairs_outer_06","y":90,"uvlock":true},
	  {"model":"block/variated/stone/stairs_outer/stone_stairs_outer_07","y":90,"uvlock":true},
	  {"model":"block/variated/stone/stairs_outer/stone_stairs_outer_08","y":90,"uvlock":true},
	  {"model":"block/variated/stone/stairs_outer/stone_stairs_outer_09","y":90,"uvlock":true},
	  {"model":"block/variated/stone/stairs_outer/stone_stairs_outer_10","y":90,"uvlock":true},
	  {"model":"block/variated/stone/stairs_outer/stone_stairs_outer_11","y":90,"uvlock":true},
	  {"model":"block/variated/stone/stairs_outer/stone_stairs_outer_12","y":90,"uvlock":true} ],
	
	"facing=south,half=bottom,shape=outer_left": [
	  {"model":"block/stone_stairs_outer"},
	  {"model":"block/variated/stone/stairs_outer/stone_stairs_outer_01"},
	  {"model":"block/variated/stone/stairs_outer/stone_stairs_outer_02"},
	  {"model":"block/variated/stone/stairs_outer/stone_stairs_outer_03"},
	  {"model":"block/variated/stone/stairs_outer/stone_stairs_outer_04"},
	  {"model":"block/variated/stone/stairs_outer/stone_stairs_outer_05"},
	  {"model":"block/variated/stone/stairs_outer/stone_stairs_outer_06"},
	  {"model":"block/variated/stone/stairs_outer/stone_stairs_outer_07"},
	  {"model":"block/variated/stone/stairs_outer/stone_stairs_outer_08"},
	  {"model":"block/variated/stone/stairs_outer/stone_stairs_outer_09"},
	  {"model":"block/variated/stone/stairs_outer/stone_stairs_outer_10"},
	  {"model":"block/variated/stone/stairs_outer/stone_stairs_outer_11"},
	  {"model":"block/variated/stone/stairs_outer/stone_stairs_outer_12"} ],

	"facing=north,half=bottom,shape=outer_left": [
	  {"model":"block/stone_stairs_outer","y":180,"uvlock":true},
	  {"model":"block/variated/stone/stairs_outer/stone_stairs_outer_01","y":180,"uvlock":true},
	  {"model":"block/variated/stone/stairs_outer/stone_stairs_outer_02","y":180,"uvlock":true},
	  {"model":"block/variated/stone/stairs_outer/stone_stairs_outer_03","y":180,"uvlock":true},
	  {"model":"block/variated/stone/stairs_outer/stone_stairs_outer_04","y":180,"uvlock":true},
	  {"model":"block/variated/stone/stairs_outer/stone_stairs_outer_05","y":180,"uvlock":true},
	  {"model":"block/variated/stone/stairs_outer/stone_stairs_outer_06","y":180,"uvlock":true},
	  {"model":"block/variated/stone/stairs_outer/stone_stairs_outer_07","y":180,"uvlock":true},
	  {"model":"block/variated/stone/stairs_outer/stone_stairs_outer_08","y":180,"uvlock":true},
	  {"model":"block/variated/stone/stairs_outer/stone_stairs_outer_09","y":180,"uvlock":true},
	  {"model":"block/variated/stone/stairs_outer/stone_stairs_outer_10","y":180,"uvlock":true},
	  {"model":"block/variated/stone/stairs_outer/stone_stairs_outer_11","y":180,"uvlock":true},
	  {"model":"block/variated/stone/stairs_outer/stone_stairs_outer_12","y":180,"uvlock":true} ],
	
	"facing=east,half=bottom,shape=inner_right": [
	  {"model":"block/stone_stairs_inner"},
	  {"model":"block/variated/stone/stairs_inner/stone_stairs_inner_01"},
	  {"model":"block/variated/stone/stairs_inner/stone_stairs_inner_02"},
	  {"model":"block/variated/stone/stairs_inner/stone_stairs_inner_03"},
	  {"model":"block/variated/stone/stairs_inner/stone_stairs_inner_04"},
	  {"model":"block/variated/stone/stairs_inner/stone_stairs_inner_05"},
	  {"model":"block/variated/stone/stairs_inner/stone_stairs_inner_06"},
	  {"model":"block/variated/stone/stairs_inner/stone_stairs_inner_07"},
	  {"model":"block/variated/stone/stairs_inner/stone_stairs_inner_08"},
	  {"model":"block/variated/stone/stairs_inner/stone_stairs_inner_09"},
	  {"model":"block/variated/stone/stairs_inner/stone_stairs_inner_10"},
	  {"model":"block/variated/stone/stairs_inner/stone_stairs_inner_11"},
	  {"model":"block/variated/stone/stairs_inner/stone_stairs_inner_12"} ],
	
	"facing=west,half=bottom,shape=inner_right": [
	  {"model":"block/stone_stairs_inner","y":180,"uvlock":true},
	  {"model":"block/variated/stone/stairs_inner/stone_stairs_inner_01","y":180,"uvlock":true},
	  {"model":"block/variated/stone/stairs_inner/stone_stairs_inner_02","y":180,"uvlock":true},
	  {"model":"block/variated/stone/stairs_inner/stone_stairs_inner_03","y":180,"uvlock":true},
	  {"model":"block/variated/stone/stairs_inner/stone_stairs_inner_04","y":180,"uvlock":true},
	  {"model":"block/variated/stone/stairs_inner/stone_stairs_inner_05","y":180,"uvlock":true},
	  {"model":"block/variated/stone/stairs_inner/stone_stairs_inner_06","y":180,"uvlock":true},
	  {"model":"block/variated/stone/stairs_inner/stone_stairs_inner_07","y":180,"uvlock":true},
	  {"model":"block/variated/stone/stairs_inner/stone_stairs_inner_08","y":180,"uvlock":true},
	  {"model":"block/variated/stone/stairs_inner/stone_stairs_inner_09","y":180,"uvlock":true},
	  {"model":"block/variated/stone/stairs_inner/stone_stairs_inner_10","y":180,"uvlock":true},
	  {"model":"block/variated/stone/stairs_inner/stone_stairs_inner_11","y":180,"uvlock":true},
	  {"model":"block/variated/stone/stairs_inner/stone_stairs_inner_12","y":180,"uvlock":true} ],
	
	"facing=south,half=bottom,shape=inner_right": [
	  {"model":"block/stone_stairs_inner","y":90,"uvlock":true},
	  {"model":"block/variated/stone/stairs_inner/stone_stairs_inner_01","y":90,"uvlock":true},
	  {"model":"block/variated/stone/stairs_inner/stone_stairs_inner_02","y":90,"uvlock":true},
	  {"model":"block/variated/stone/stairs_inner/stone_stairs_inner_03","y":90,"uvlock":true},
	  {"model":"block/variated/stone/stairs_inner/stone_stairs_inner_04","y":90,"uvlock":true},
	  {"model":"block/variated/stone/stairs_inner/stone_stairs_inner_05","y":90,"uvlock":true},
	  {"model":"block/variated/stone/stairs_inner/stone_stairs_inner_06","y":90,"uvlock":true},
	  {"model":"block/variated/stone/stairs_inner/stone_stairs_inner_07","y":90,"uvlock":true},
	  {"model":"block/variated/stone/stairs_inner/stone_stairs_inner_08","y":90,"uvlock":true},
	  {"model":"block/variated/stone/stairs_inner/stone_stairs_inner_09","y":90,"uvlock":true},
	  {"model":"block/variated/stone/stairs_inner/stone_stairs_inner_10","y":90,"uvlock":true},
	  {"model":"block/variated/stone/stairs_inner/stone_stairs_inner_11","y":90,"uvlock":true},
	  {"model":"block/variated/stone/stairs_inner/stone_stairs_inner_12","y":90,"uvlock":true} ],
	
	"facing=north,half=bottom,shape=inner_right": [
	  {"model":"block/stone_stairs_inner","y":270,"uvlock":true},
	  {"model":"block/variated/stone/stairs_inner/stone_stairs_inner_01","y":270,"uvlock":true},
	  {"model":"block/variated/stone/stairs_inner/stone_stairs_inner_02","y":270,"uvlock":true},
	  {"model":"block/variated/stone/stairs_inner/stone_stairs_inner_03","y":270,"uvlock":true},
	  {"model":"block/variated/stone/stairs_inner/stone_stairs_inner_04","y":270,"uvlock":true},
	  {"model":"block/variated/stone/stairs_inner/stone_stairs_inner_05","y":270,"uvlock":true},
	  {"model":"block/variated/stone/stairs_inner/stone_stairs_inner_06","y":270,"uvlock":true},
	  {"model":"block/variated/stone/stairs_inner/stone_stairs_inner_07","y":270,"uvlock":true},
	  {"model":"block/variated/stone/stairs_inner/stone_stairs_inner_08","y":270,"uvlock":true},
	  {"model":"block/variated/stone/stairs_inner/stone_stairs_inner_09","y":270,"uvlock":true},
	  {"model":"block/variated/stone/stairs_inner/stone_stairs_inner_10","y":270,"uvlock":true},
	  {"model":"block/variated/stone/stairs_inner/stone_stairs_inner_11","y":270,"uvlock":true},
	  {"model":"block/variated/stone/stairs_inner/stone_stairs_inner_12","y":270,"uvlock":true} ],
	
	"facing=east,half=bottom,shape=inner_left": [
	  {"model":"block/stone_stairs_inner","y":270,"uvlock":true},
	  {"model":"block/variated/stone/stairs_inner/stone_stairs_inner_01","y":270,"uvlock":true},
	  {"model":"block/variated/stone/stairs_inner/stone_stairs_inner_02","y":270,"uvlock":true},
	  {"model":"block/variated/stone/stairs_inner/stone_stairs_inner_03","y":270,"uvlock":true},
	  {"model":"block/variated/stone/stairs_inner/stone_stairs_inner_04","y":270,"uvlock":true},
	  {"model":"block/variated/stone/stairs_inner/stone_stairs_inner_05","y":270,"uvlock":true},
	  {"model":"block/variated/stone/stairs_inner/stone_stairs_inner_06","y":270,"uvlock":true},
	  {"model":"block/variated/stone/stairs_inner/stone_stairs_inner_07","y":270,"uvlock":true},
	  {"model":"block/variated/stone/stairs_inner/stone_stairs_inner_08","y":270,"uvlock":true},
	  {"model":"block/variated/stone/stairs_inner/stone_stairs_inner_09","y":270,"uvlock":true},
	  {"model":"block/variated/stone/stairs_inner/stone_stairs_inner_10","y":270,"uvlock":true},
	  {"model":"block/variated/stone/stairs_inner/stone_stairs_inner_11","y":270,"uvlock":true},
	  {"model":"block/variated/stone/stairs_inner/stone_stairs_inner_12","y":270,"uvlock":true} ],
	
	"facing=west,half=bottom,shape=inner_left": [
	  {"model":"block/stone_stairs_inner","y":90,"uvlock":true},
	  {"model":"block/variated/stone/stairs_inner/stone_stairs_inner_01","y":90,"uvlock":true},
	  {"model":"block/variated/stone/stairs_inner/stone_stairs_inner_02","y":90,"uvlock":true},
	  {"model":"block/variated/stone/stairs_inner/stone_stairs_inner_03","y":90,"uvlock":true},
	  {"model":"block/variated/stone/stairs_inner/stone_stairs_inner_04","y":90,"uvlock":true},
	  {"model":"block/variated/stone/stairs_inner/stone_stairs_inner_05","y":90,"uvlock":true},
	  {"model":"block/variated/stone/stairs_inner/stone_stairs_inner_06","y":90,"uvlock":true},
	  {"model":"block/variated/stone/stairs_inner/stone_stairs_inner_07","y":90,"uvlock":true},
	  {"model":"block/variated/stone/stairs_inner/stone_stairs_inner_08","y":90,"uvlock":true},
	  {"model":"block/variated/stone/stairs_inner/stone_stairs_inner_09","y":90,"uvlock":true},
	  {"model":"block/variated/stone/stairs_inner/stone_stairs_inner_10","y":90,"uvlock":true},
	  {"model":"block/variated/stone/stairs_inner/stone_stairs_inner_11","y":90,"uvlock":true},
	  {"model":"block/variated/stone/stairs_inner/stone_stairs_inner_12","y":90,"uvlock":true} ],
	
	"facing=south,half=bottom,shape=inner_left": [
	  {"model":"block/stone_stairs_inner"},
	  {"model":"block/variated/stone/stairs_inner/stone_stairs_inner_01"},
	  {"model":"block/variated/stone/stairs_inner/stone_stairs_inner_02"},
	  {"model":"block/variated/stone/stairs_inner/stone_stairs_inner_03"},
	  {"model":"block/variated/stone/stairs_inner/stone_stairs_inner_04"},
	  {"model":"block/variated/stone/stairs_inner/stone_stairs_inner_05"},
	  {"model":"block/variated/stone/stairs_inner/stone_stairs_inner_06"},
	  {"model":"block/variated/stone/stairs_inner/stone_stairs_inner_07"},
	  {"model":"block/variated/stone/stairs_inner/stone_stairs_inner_08"},
	  {"model":"block/variated/stone/stairs_inner/stone_stairs_inner_09"},
	  {"model":"block/variated/stone/stairs_inner/stone_stairs_inner_10"},
	  {"model":"block/variated/stone/stairs_inner/stone_stairs_inner_11"},
	  {"model":"block/variated/stone/stairs_inner/stone_stairs_inner_12"} ],
	
	"facing=north,half=bottom,shape=inner_left": [
	  {"model":"block/stone_stairs_inner","y":180,"uvlock":true},
	  {"model":"block/variated/stone/stairs_inner/stone_stairs_inner_01","y":180,"uvlock":true},
	  {"model":"block/variated/stone/stairs_inner/stone_stairs_inner_02","y":180,"uvlock":true},
	  {"model":"block/variated/stone/stairs_inner/stone_stairs_inner_03","y":180,"uvlock":true},
	  {"model":"block/variated/stone/stairs_inner/stone_stairs_inner_04","y":180,"uvlock":true},
	  {"model":"block/variated/stone/stairs_inner/stone_stairs_inner_05","y":180,"uvlock":true},
	  {"model":"block/variated/stone/stairs_inner/stone_stairs_inner_06","y":180,"uvlock":true},
	  {"model":"block/variated/stone/stairs_inner/stone_stairs_inner_07","y":180,"uvlock":true},
	  {"model":"block/variated/stone/stairs_inner/stone_stairs_inner_08","y":180,"uvlock":true},
	  {"model":"block/variated/stone/stairs_inner/stone_stairs_inner_09","y":180,"uvlock":true},
	  {"model":"block/variated/stone/stairs_inner/stone_stairs_inner_10","y":180,"uvlock":true},
	  {"model":"block/variated/stone/stairs_inner/stone_stairs_inner_11","y":180,"uvlock":true},
	  {"model":"block/variated/stone/stairs_inner/stone_stairs_inner_12","y":180,"uvlock":true} ],
	
	"facing=east,half=top,shape=straight": [
	  {"model":"block/stone_stairs","x":180,"uvlock":true},
	  {"model":"block/variated/stone/stairs/stone_stairs_01","x":180,"uvlock":true},
	  {"model":"block/variated/stone/stairs/stone_stairs_02","x":180,"uvlock":true},
	  {"model":"block/variated/stone/stairs/stone_stairs_03","x":180,"uvlock":true},
	  {"model":"block/variated/stone/stairs/stone_stairs_04","x":180,"uvlock":true},
	  {"model":"block/variated/stone/stairs/stone_stairs_05","x":180,"uvlock":true},
	  {"model":"block/variated/stone/stairs/stone_stairs_06","x":180,"uvlock":true},
	  {"model":"block/variated/stone/stairs/stone_stairs_07","x":180,"uvlock":true},
	  {"model":"block/variated/stone/stairs/stone_stairs_08","x":180,"uvlock":true},
	  {"model":"block/variated/stone/stairs/stone_stairs_09","x":180,"uvlock":true},
	  {"model":"block/variated/stone/stairs/stone_stairs_10","x":180,"uvlock":true},
	  {"model":"block/variated/stone/stairs/stone_stairs_11","x":180,"uvlock":true},
	  {"model":"block/variated/stone/stairs/stone_stairs_12","x":180,"uvlock":true} ],
	
	"facing=west,half=top,shape=straight": [
	  {"model":"block/stone_stairs","y":180,"uvlock":true,"x":180},
	  {"model":"block/variated/stone/stairs/stone_stairs_01","y":180,"uvlock":true,"x":180},
	  {"model":"block/variated/stone/stairs/stone_stairs_02","y":180,"uvlock":true,"x":180},
	  {"model":"block/variated/stone/stairs/stone_stairs_03","y":180,"uvlock":true,"x":180},
	  {"model":"block/variated/stone/stairs/stone_stairs_04","y":180,"uvlock":true,"x":180},
	  {"model":"block/variated/stone/stairs/stone_stairs_05","y":180,"uvlock":true,"x":180},
	  {"model":"block/variated/stone/stairs/stone_stairs_06","y":180,"uvlock":true,"x":180},
	  {"model":"block/variated/stone/stairs/stone_stairs_07","y":180,"uvlock":true,"x":180},
	  {"model":"block/variated/stone/stairs/stone_stairs_08","y":180,"uvlock":true,"x":180},
	  {"model":"block/variated/stone/stairs/stone_stairs_09","y":180,"uvlock":true,"x":180},
	  {"model":"block/variated/stone/stairs/stone_stairs_10","y":180,"uvlock":true,"x":180},
	  {"model":"block/variated/stone/stairs/stone_stairs_11","y":180,"uvlock":true,"x":180},
	  {"model":"block/variated/stone/stairs/stone_stairs_12","y":180,"uvlock":true,"x":180} ],
	
	"facing=south,half=top,shape=straight": [
	  {"model":"block/stone_stairs","y":90,"uvlock":true,"x":180},
	  {"model":"block/variated/stone/stairs/stone_stairs_01","y":90,"uvlock":true,"x":180},
	  {"model":"block/variated/stone/stairs/stone_stairs_02","y":90,"uvlock":true,"x":180},
	  {"model":"block/variated/stone/stairs/stone_stairs_03","y":90,"uvlock":true,"x":180},
	  {"model":"block/variated/stone/stairs/stone_stairs_04","y":90,"uvlock":true,"x":180},
	  {"model":"block/variated/stone/stairs/stone_stairs_05","y":90,"uvlock":true,"x":180},
	  {"model":"block/variated/stone/stairs/stone_stairs_06","y":90,"uvlock":true,"x":180},
	  {"model":"block/variated/stone/stairs/stone_stairs_07","y":90,"uvlock":true,"x":180},
	  {"model":"block/variated/stone/stairs/stone_stairs_08","y":90,"uvlock":true,"x":180},
	  {"model":"block/variated/stone/stairs/stone_stairs_09","y":90,"uvlock":true,"x":180},
	  {"model":"block/variated/stone/stairs/stone_stairs_10","y":90,"uvlock":true,"x":180},
	  {"model":"block/variated/stone/stairs/stone_stairs_11","y":90,"uvlock":true,"x":180},
	  {"model":"block/variated/stone/stairs/stone_stairs_12","y":90,"uvlock":true,"x":180} ],
	
	"facing=north,half=top,shape=straight": [
	  {"model":"block/stone_stairs","y":270,"uvlock":true,"x":180},
	  {"model":"block/variated/stone/stairs/stone_stairs_01","y":270,"uvlock":true,"x":180},
	  {"model":"block/variated/stone/stairs/stone_stairs_02","y":270,"uvlock":true,"x":180},
	  {"model":"block/variated/stone/stairs/stone_stairs_03","y":270,"uvlock":true,"x":180},
	  {"model":"block/variated/stone/stairs/stone_stairs_04","y":270,"uvlock":true,"x":180},
	  {"model":"block/variated/stone/stairs/stone_stairs_05","y":270,"uvlock":true,"x":180},
	  {"model":"block/variated/stone/stairs/stone_stairs_06","y":270,"uvlock":true,"x":180},
	  {"model":"block/variated/stone/stairs/stone_stairs_07","y":270,"uvlock":true,"x":180},
	  {"model":"block/variated/stone/stairs/stone_stairs_08","y":270,"uvlock":true,"x":180},
	  {"model":"block/variated/stone/stairs/stone_stairs_09","y":270,"uvlock":true,"x":180},
	  {"model":"block/variated/stone/stairs/stone_stairs_10","y":270,"uvlock":true,"x":180},
	  {"model":"block/variated/stone/stairs/stone_stairs_11","y":270,"uvlock":true,"x":180},
	  {"model":"block/variated/stone/stairs/stone_stairs_12","y":270,"uvlock":true,"x":180} ],
	
	"facing=east,half=top,shape=outer_right": [
	  {"model":"block/stone_stairs_outer","y":90,"uvlock":true,"x":180},
	  {"model":"block/variated/stone/stairs_outer/stone_stairs_outer_01","y":90,"uvlock":true,"x":180},
	  {"model":"block/variated/stone/stairs_outer/stone_stairs_outer_02","y":90,"uvlock":true,"x":180},
	  {"model":"block/variated/stone/stairs_outer/stone_stairs_outer_03","y":90,"uvlock":true,"x":180},
	  {"model":"block/variated/stone/stairs_outer/stone_stairs_outer_04","y":90,"uvlock":true,"x":180},
	  {"model":"block/variated/stone/stairs_outer/stone_stairs_outer_05","y":90,"uvlock":true,"x":180},
	  {"model":"block/variated/stone/stairs_outer/stone_stairs_outer_06","y":90,"uvlock":true,"x":180},
	  {"model":"block/variated/stone/stairs_outer/stone_stairs_outer_07","y":90,"uvlock":true,"x":180},
	  {"model":"block/variated/stone/stairs_outer/stone_stairs_outer_08","y":90,"uvlock":true,"x":180},
	  {"model":"block/variated/stone/stairs_outer/stone_stairs_outer_09","y":90,"uvlock":true,"x":180},
	  {"model":"block/variated/stone/stairs_outer/stone_stairs_outer_10","y":90,"uvlock":true,"x":180},
	  {"model":"block/variated/stone/stairs_outer/stone_stairs_outer_11","y":90,"uvlock":true,"x":180}, 
	  {"model":"block/variated/stone/stairs_outer/stone_stairs_outer_12","y":90,"uvlock":true,"x":180} ],
	
	"facing=west,half=top,shape=outer_right": [
	  {"model":"block/stone_stairs_outer","y":270,"uvlock":true,"x":180},
	  {"model":"block/variated/stone/stairs_outer/stone_stairs_outer_01","y":270,"uvlock":true,"x":180},
	  {"model":"block/variated/stone/stairs_outer/stone_stairs_outer_02","y":270,"uvlock":true,"x":180},
	  {"model":"block/variated/stone/stairs_outer/stone_stairs_outer_03","y":270,"uvlock":true,"x":180},
	  {"model":"block/variated/stone/stairs_outer/stone_stairs_outer_04","y":270,"uvlock":true,"x":180},
	  {"model":"block/variated/stone/stairs_outer/stone_stairs_outer_05","y":270,"uvlock":true,"x":180},
	  {"model":"block/variated/stone/stairs_outer/stone_stairs_outer_06","y":270,"uvlock":true,"x":180},
	  {"model":"block/variated/stone/stairs_outer/stone_stairs_outer_07","y":270,"uvlock":true,"x":180},
	  {"model":"block/variated/stone/stairs_outer/stone_stairs_outer_08","y":270,"uvlock":true,"x":180},
	  {"model":"block/variated/stone/stairs_outer/stone_stairs_outer_09","y":270,"uvlock":true,"x":180},
	  {"model":"block/variated/stone/stairs_outer/stone_stairs_outer_10","y":270,"uvlock":true,"x":180},
	  {"model":"block/variated/stone/stairs_outer/stone_stairs_outer_11","y":270,"uvlock":true,"x":180}, 
	  {"model":"block/variated/stone/stairs_outer/stone_stairs_outer_12","y":270,"uvlock":true,"x":180} ],
	
	"facing=south,half=top,shape=outer_right": [
  	  {"model":"block/stone_stairs_outer","y":180,"uvlock":true,"x":180},
	  {"model":"block/variated/stone/stairs_outer/stone_stairs_outer_01","y":180,"uvlock":true,"x":180},
	  {"model":"block/variated/stone/stairs_outer/stone_stairs_outer_02","y":180,"uvlock":true,"x":180},
	  {"model":"block/variated/stone/stairs_outer/stone_stairs_outer_03","y":180,"uvlock":true,"x":180},
	  {"model":"block/variated/stone/stairs_outer/stone_stairs_outer_04","y":180,"uvlock":true,"x":180},
	  {"model":"block/variated/stone/stairs_outer/stone_stairs_outer_05","y":180,"uvlock":true,"x":180},
	  {"model":"block/variated/stone/stairs_outer/stone_stairs_outer_06","y":180,"uvlock":true,"x":180},
	  {"model":"block/variated/stone/stairs_outer/stone_stairs_outer_07","y":180,"uvlock":true,"x":180},
	  {"model":"block/variated/stone/stairs_outer/stone_stairs_outer_08","y":180,"uvlock":true,"x":180},
	  {"model":"block/variated/stone/stairs_outer/stone_stairs_outer_09","y":180,"uvlock":true,"x":180},
	  {"model":"block/variated/stone/stairs_outer/stone_stairs_outer_10","y":180,"uvlock":true,"x":180},
	  {"model":"block/variated/stone/stairs_outer/stone_stairs_outer_11","y":180,"uvlock":true,"x":180}, 
	  {"model":"block/variated/stone/stairs_outer/stone_stairs_outer_12","y":180,"uvlock":true,"x":180} ],
	
	"facing=north,half=top,shape=outer_right": [
	  {"model":"block/stone_stairs_outer","x":180,"uvlock":true},
	  {"model":"block/variated/stone/stairs_outer/stone_stairs_outer_01","x":180,"uvlock":true},
	  {"model":"block/variated/stone/stairs_outer/stone_stairs_outer_02","x":180,"uvlock":true},
	  {"model":"block/variated/stone/stairs_outer/stone_stairs_outer_03","x":180,"uvlock":true},
	  {"model":"block/variated/stone/stairs_outer/stone_stairs_outer_04","x":180,"uvlock":true},
	  {"model":"block/variated/stone/stairs_outer/stone_stairs_outer_05","x":180,"uvlock":true},
	  {"model":"block/variated/stone/stairs_outer/stone_stairs_outer_06","x":180,"uvlock":true},
	  {"model":"block/variated/stone/stairs_outer/stone_stairs_outer_07","x":180,"uvlock":true},
	  {"model":"block/variated/stone/stairs_outer/stone_stairs_outer_08","x":180,"uvlock":true},
	  {"model":"block/variated/stone/stairs_outer/stone_stairs_outer_09","x":180,"uvlock":true},
	  {"model":"block/variated/stone/stairs_outer/stone_stairs_outer_10","x":180,"uvlock":true},
	  {"model":"block/variated/stone/stairs_outer/stone_stairs_outer_11","x":180,"uvlock":true}, 
	  {"model":"block/variated/stone/stairs_outer/stone_stairs_outer_12","x":180,"uvlock":true} ],
	
	"facing=east,half=top,shape=outer_left": [
	  {"model":"block/stone_stairs_outer","x":180,"uvlock":true},
	  {"model":"block/variated/stone/stairs_outer/stone_stairs_outer_01","x":180,"uvlock":true},
	  {"model":"block/variated/stone/stairs_outer/stone_stairs_outer_02","x":180,"uvlock":true},
	  {"model":"block/variated/stone/stairs_outer/stone_stairs_outer_03","x":180,"uvlock":true},
	  {"model":"block/variated/stone/stairs_outer/stone_stairs_outer_04","x":180,"uvlock":true},
	  {"model":"block/variated/stone/stairs_outer/stone_stairs_outer_05","x":180,"uvlock":true},
	  {"model":"block/variated/stone/stairs_outer/stone_stairs_outer_06","x":180,"uvlock":true},
	  {"model":"block/variated/stone/stairs_outer/stone_stairs_outer_07","x":180,"uvlock":true},
	  {"model":"block/variated/stone/stairs_outer/stone_stairs_outer_08","x":180,"uvlock":true},
	  {"model":"block/variated/stone/stairs_outer/stone_stairs_outer_09","x":180,"uvlock":true},
	  {"model":"block/variated/stone/stairs_outer/stone_stairs_outer_10","x":180,"uvlock":true},
	  {"model":"block/variated/stone/stairs_outer/stone_stairs_outer_11","x":180,"uvlock":true}, 
	  {"model":"block/variated/stone/stairs_outer/stone_stairs_outer_12","x":180,"uvlock":true} ],
	
	"facing=west,half=top,shape=outer_left": [
	  {"model":"block/stone_stairs_outer","y":180,"uvlock":true,"x":180},
	  {"model":"block/variated/stone/stairs_outer/stone_stairs_outer_01","y":180,"uvlock":true,"x":180},
	  {"model":"block/variated/stone/stairs_outer/stone_stairs_outer_02","y":180,"uvlock":true,"x":180},
	  {"model":"block/variated/stone/stairs_outer/stone_stairs_outer_03","y":180,"uvlock":true,"x":180},
	  {"model":"block/variated/stone/stairs_outer/stone_stairs_outer_04","y":180,"uvlock":true,"x":180},
	  {"model":"block/variated/stone/stairs_outer/stone_stairs_outer_05","y":180,"uvlock":true,"x":180},
	  {"model":"block/variated/stone/stairs_outer/stone_stairs_outer_06","y":180,"uvlock":true,"x":180},
	  {"model":"block/variated/stone/stairs_outer/stone_stairs_outer_07","y":180,"uvlock":true,"x":180},
	  {"model":"block/variated/stone/stairs_outer/stone_stairs_outer_08","y":180,"uvlock":true,"x":180},
	  {"model":"block/variated/stone/stairs_outer/stone_stairs_outer_09","y":180,"uvlock":true,"x":180},
	  {"model":"block/variated/stone/stairs_outer/stone_stairs_outer_10","y":180,"uvlock":true,"x":180},
	  {"model":"block/variated/stone/stairs_outer/stone_stairs_outer_11","y":180,"uvlock":true,"x":180}, 
	  {"model":"block/variated/stone/stairs_outer/stone_stairs_outer_12","y":180,"uvlock":true,"x":180} ],
	
	"facing=south,half=top,shape=outer_left": [
	  {"model":"block/stone_stairs_outer","y":90,"uvlock":true,"x":180},
	  {"model":"block/variated/stone/stairs_outer/stone_stairs_outer_01","y":90,"uvlock":true,"x":180},
	  {"model":"block/variated/stone/stairs_outer/stone_stairs_outer_02","y":90,"uvlock":true,"x":180},
	  {"model":"block/variated/stone/stairs_outer/stone_stairs_outer_03","y":90,"uvlock":true,"x":180},
	  {"model":"block/variated/stone/stairs_outer/stone_stairs_outer_04","y":90,"uvlock":true,"x":180},
	  {"model":"block/variated/stone/stairs_outer/stone_stairs_outer_05","y":90,"uvlock":true,"x":180},
	  {"model":"block/variated/stone/stairs_outer/stone_stairs_outer_06","y":90,"uvlock":true,"x":180},
	  {"model":"block/variated/stone/stairs_outer/stone_stairs_outer_07","y":90,"uvlock":true,"x":180},
	  {"model":"block/variated/stone/stairs_outer/stone_stairs_outer_08","y":90,"uvlock":true,"x":180},
	  {"model":"block/variated/stone/stairs_outer/stone_stairs_outer_09","y":90,"uvlock":true,"x":180},
	  {"model":"block/variated/stone/stairs_outer/stone_stairs_outer_10","y":90,"uvlock":true,"x":180},
	  {"model":"block/variated/stone/stairs_outer/stone_stairs_outer_11","y":90,"uvlock":true,"x":180},
	  {"model":"block/variated/stone/stairs_outer/stone_stairs_outer_12","y":90,"uvlock":true,"x":180} ],
	
	"facing=north,half=top,shape=outer_left": [
	  {"model":"block/stone_stairs_outer","y":270,"uvlock":true,"x":180},
	  {"model":"block/variated/stone/stairs_outer/stone_stairs_outer_01","y":270,"uvlock":true,"x":180},
	  {"model":"block/variated/stone/stairs_outer/stone_stairs_outer_02","y":270,"uvlock":true,"x":180},
	  {"model":"block/variated/stone/stairs_outer/stone_stairs_outer_03","y":270,"uvlock":true,"x":180},
	  {"model":"block/variated/stone/stairs_outer/stone_stairs_outer_04","y":270,"uvlock":true,"x":180},
	  {"model":"block/variated/stone/stairs_outer/stone_stairs_outer_05","y":270,"uvlock":true,"x":180},
	  {"model":"block/variated/stone/stairs_outer/stone_stairs_outer_06","y":270,"uvlock":true,"x":180},
	  {"model":"block/variated/stone/stairs_outer/stone_stairs_outer_07","y":270,"uvlock":true,"x":180},
	  {"model":"block/variated/stone/stairs_outer/stone_stairs_outer_08","y":270,"uvlock":true,"x":180},
	  {"model":"block/variated/stone/stairs_outer/stone_stairs_outer_09","y":270,"uvlock":true,"x":180},
	  {"model":"block/variated/stone/stairs_outer/stone_stairs_outer_10","y":270,"uvlock":true,"x":180},
	  {"model":"block/variated/stone/stairs_outer/stone_stairs_outer_11","y":270,"uvlock":true,"x":180}, 
	  {"model":"block/variated/stone/stairs_outer/stone_stairs_outer_12","y":270,"uvlock":true,"x":180} ],
	
	"facing=east,half=top,shape=inner_right": [
	  {"model":"block/stone_stairs_inner","y":90,"uvlock":true,"x":180},
	  {"model":"block/variated/stone/stairs_inner/stone_stairs_inner_01","y":90,"uvlock":true,"x":180},
	  {"model":"block/variated/stone/stairs_inner/stone_stairs_inner_02","y":90,"uvlock":true,"x":180},
	  {"model":"block/variated/stone/stairs_inner/stone_stairs_inner_03","y":90,"uvlock":true,"x":180},
	  {"model":"block/variated/stone/stairs_inner/stone_stairs_inner_04","y":90,"uvlock":true,"x":180},
	  {"model":"block/variated/stone/stairs_inner/stone_stairs_inner_05","y":90,"uvlock":true,"x":180},
	  {"model":"block/variated/stone/stairs_inner/stone_stairs_inner_06","y":90,"uvlock":true,"x":180},
	  {"model":"block/variated/stone/stairs_inner/stone_stairs_inner_07","y":90,"uvlock":true,"x":180},
	  {"model":"block/variated/stone/stairs_inner/stone_stairs_inner_08","y":90,"uvlock":true,"x":180},
	  {"model":"block/variated/stone/stairs_inner/stone_stairs_inner_09","y":90,"uvlock":true,"x":180},
	  {"model":"block/variated/stone/stairs_inner/stone_stairs_inner_10","y":90,"uvlock":true,"x":180},
	  {"model":"block/variated/stone/stairs_inner/stone_stairs_inner_11","y":90,"uvlock":true,"x":180},
	  {"model":"block/variated/stone/stairs_inner/stone_stairs_inner_12","y":90,"uvlock":true,"x":180} ],
	
	"facing=west,half=top,shape=inner_right": [
	  {"model":"block/stone_stairs_inner","y":270,"uvlock":true,"x":180},
	  {"model":"block/variated/stone/stairs_inner/stone_stairs_inner_01","y":270,"uvlock":true,"x":180},
	  {"model":"block/variated/stone/stairs_inner/stone_stairs_inner_02","y":270,"uvlock":true,"x":180},
	  {"model":"block/variated/stone/stairs_inner/stone_stairs_inner_03","y":270,"uvlock":true,"x":180},
	  {"model":"block/variated/stone/stairs_inner/stone_stairs_inner_04","y":270,"uvlock":true,"x":180},
	  {"model":"block/variated/stone/stairs_inner/stone_stairs_inner_05","y":270,"uvlock":true,"x":180},
	  {"model":"block/variated/stone/stairs_inner/stone_stairs_inner_06","y":270,"uvlock":true,"x":180},
	  {"model":"block/variated/stone/stairs_inner/stone_stairs_inner_07","y":270,"uvlock":true,"x":180},
	  {"model":"block/variated/stone/stairs_inner/stone_stairs_inner_08","y":270,"uvlock":true,"x":180},
	  {"model":"block/variated/stone/stairs_inner/stone_stairs_inner_09","y":270,"uvlock":true,"x":180},
	  {"model":"block/variated/stone/stairs_inner/stone_stairs_inner_10","y":270,"uvlock":true,"x":180},
	  {"model":"block/variated/stone/stairs_inner/stone_stairs_inner_11","y":270,"uvlock":true,"x":180},
	  {"model":"block/variated/stone/stairs_inner/stone_stairs_inner_12","y":270,"uvlock":true,"x":180} ],

	"facing=south,half=top,shape=inner_right": [
	  {"model":"block/stone_stairs_inner","y":180,"uvlock":true,"x":180},
	  {"model":"block/variated/stone/stairs_inner/stone_stairs_inner_01","y":180,"uvlock":true,"x":180},
	  {"model":"block/variated/stone/stairs_inner/stone_stairs_inner_02","y":180,"uvlock":true,"x":180},
	  {"model":"block/variated/stone/stairs_inner/stone_stairs_inner_03","y":180,"uvlock":true,"x":180},
	  {"model":"block/variated/stone/stairs_inner/stone_stairs_inner_04","y":180,"uvlock":true,"x":180},
	  {"model":"block/variated/stone/stairs_inner/stone_stairs_inner_05","y":180,"uvlock":true,"x":180},
	  {"model":"block/variated/stone/stairs_inner/stone_stairs_inner_06","y":180,"uvlock":true,"x":180},
	  {"model":"block/variated/stone/stairs_inner/stone_stairs_inner_07","y":180,"uvlock":true,"x":180},
	  {"model":"block/variated/stone/stairs_inner/stone_stairs_inner_08","y":180,"uvlock":true,"x":180},
	  {"model":"block/variated/stone/stairs_inner/stone_stairs_inner_09","y":180,"uvlock":true,"x":180},
	  {"model":"block/variated/stone/stairs_inner/stone_stairs_inner_10","y":180,"uvlock":true,"x":180},
	  {"model":"block/variated/stone/stairs_inner/stone_stairs_inner_11","y":180,"uvlock":true,"x":180},
	  {"model":"block/variated/stone/stairs_inner/stone_stairs_inner_12","y":180,"uvlock":true,"x":180} ],
	  
	"facing=north,half=top,shape=inner_right": [
	  {"model":"block/stone_stairs_inner","x":180,"uvlock":true},
	  {"model":"block/variated/stone/stairs_inner/stone_stairs_inner_01","x":180,"uvlock":true},
	  {"model":"block/variated/stone/stairs_inner/stone_stairs_inner_02","x":180,"uvlock":true},
	  {"model":"block/variated/stone/stairs_inner/stone_stairs_inner_03","x":180,"uvlock":true},
	  {"model":"block/variated/stone/stairs_inner/stone_stairs_inner_04","x":180,"uvlock":true},
	  {"model":"block/variated/stone/stairs_inner/stone_stairs_inner_05","x":180,"uvlock":true},
	  {"model":"block/variated/stone/stairs_inner/stone_stairs_inner_06","x":180,"uvlock":true},
	  {"model":"block/variated/stone/stairs_inner/stone_stairs_inner_07","x":180,"uvlock":true},
	  {"model":"block/variated/stone/stairs_inner/stone_stairs_inner_08","x":180,"uvlock":true},
	  {"model":"block/variated/stone/stairs_inner/stone_stairs_inner_09","x":180,"uvlock":true},
	  {"model":"block/variated/stone/stairs_inner/stone_stairs_inner_10","x":180,"uvlock":true},
	  {"model":"block/variated/stone/stairs_inner/stone_stairs_inner_11","x":180,"uvlock":true},
	  {"model":"block/variated/stone/stairs_inner/stone_stairs_inner_12","x":180,"uvlock":true} ],
	  
	"facing=east,half=top,shape=inner_left": [
	  {"model":"block/stone_stairs_inner","x":180,"uvlock":true},
	  {"model":"block/variated/stone/stairs_inner/stone_stairs_inner_01","x":180,"uvlock":true},
	  {"model":"block/variated/stone/stairs_inner/stone_stairs_inner_02","x":180,"uvlock":true},
	  {"model":"block/variated/stone/stairs_inner/stone_stairs_inner_03","x":180,"uvlock":true},
	  {"model":"block/variated/stone/stairs_inner/stone_stairs_inner_04","x":180,"uvlock":true},
	  {"model":"block/variated/stone/stairs_inner/stone_stairs_inner_05","x":180,"uvlock":true},
	  {"model":"block/variated/stone/stairs_inner/stone_stairs_inner_06","x":180,"uvlock":true},
	  {"model":"block/variated/stone/stairs_inner/stone_stairs_inner_07","x":180,"uvlock":true},
	  {"model":"block/variated/stone/stairs_inner/stone_stairs_inner_08","x":180,"uvlock":true},
	  {"model":"block/variated/stone/stairs_inner/stone_stairs_inner_09","x":180,"uvlock":true},
	  {"model":"block/variated/stone/stairs_inner/stone_stairs_inner_10","x":180,"uvlock":true},
	  {"model":"block/variated/stone/stairs_inner/stone_stairs_inner_11","x":180,"uvlock":true},
	  {"model":"block/variated/stone/stairs_inner/stone_stairs_inner_12","x":180,"uvlock":true} ],
	  
	"facing=west,half=top,shape=inner_left": [
	  {"model":"block/stone_stairs_inner","y":180,"uvlock":true,"x":180},
	  {"model":"block/variated/stone/stairs_inner/stone_stairs_inner_01","y":180,"uvlock":true,"x":180},
	  {"model":"block/variated/stone/stairs_inner/stone_stairs_inner_02","y":180,"uvlock":true,"x":180},
	  {"model":"block/variated/stone/stairs_inner/stone_stairs_inner_03","y":180,"uvlock":true,"x":180},
	  {"model":"block/variated/stone/stairs_inner/stone_stairs_inner_04","y":180,"uvlock":true,"x":180},
	  {"model":"block/variated/stone/stairs_inner/stone_stairs_inner_05","y":180,"uvlock":true,"x":180},
	  {"model":"block/variated/stone/stairs_inner/stone_stairs_inner_06","y":180,"uvlock":true,"x":180},
	  {"model":"block/variated/stone/stairs_inner/stone_stairs_inner_07","y":180,"uvlock":true,"x":180},
	  {"model":"block/variated/stone/stairs_inner/stone_stairs_inner_08","y":180,"uvlock":true,"x":180},
	  {"model":"block/variated/stone/stairs_inner/stone_stairs_inner_09","y":180,"uvlock":true,"x":180},
	  {"model":"block/variated/stone/stairs_inner/stone_stairs_inner_10","y":180,"uvlock":true,"x":180},
	  {"model":"block/variated/stone/stairs_inner/stone_stairs_inner_11","y":180,"uvlock":true,"x":180},
	  {"model":"block/variated/stone/stairs_inner/stone_stairs_inner_12","y":180,"uvlock":true,"x":180} ],
	  
	"facing=south,half=top,shape=inner_left": [
	  {"model":"block/stone_stairs_inner","y":90,"uvlock":true,"x":180},
	  {"model":"block/variated/stone/stairs_inner/stone_stairs_inner_01","y":90,"uvlock":true,"x":180},
	  {"model":"block/variated/stone/stairs_inner/stone_stairs_inner_02","y":90,"uvlock":true,"x":180},
	  {"model":"block/variated/stone/stairs_inner/stone_stairs_inner_03","y":90,"uvlock":true,"x":180},
	  {"model":"block/variated/stone/stairs_inner/stone_stairs_inner_04","y":90,"uvlock":true,"x":180},
	  {"model":"block/variated/stone/stairs_inner/stone_stairs_inner_05","y":90,"uvlock":true,"x":180},
	  {"model":"block/variated/stone/stairs_inner/stone_stairs_inner_06","y":90,"uvlock":true,"x":180},
	  {"model":"block/variated/stone/stairs_inner/stone_stairs_inner_07","y":90,"uvlock":true,"x":180},
	  {"model":"block/variated/stone/stairs_inner/stone_stairs_inner_08","y":90,"uvlock":true,"x":180},
	  {"model":"block/variated/stone/stairs_inner/stone_stairs_inner_09","y":90,"uvlock":true,"x":180},
	  {"model":"block/variated/stone/stairs_inner/stone_stairs_inner_10","y":90,"uvlock":true,"x":180},
	  {"model":"block/variated/stone/stairs_inner/stone_stairs_inner_11","y":90,"uvlock":true,"x":180},
	  {"model":"block/variated/stone/stairs_inner/stone_stairs_inner_12","y":90,"uvlock":true,"x":180} ],
	  
	"facing=north,half=top,shape=inner_left": [
	  {"model":"block/stone_stairs_inner","y":270,"uvlock":true,"x":180},
	  {"model":"block/variated/stone/stairs_inner/stone_stairs_inner_01","y":270,"uvlock":true,"x":180},
	  {"model":"block/variated/stone/stairs_inner/stone_stairs_inner_02","y":270,"uvlock":true,"x":180},
	  {"model":"block/variated/stone/stairs_inner/stone_stairs_inner_03","y":270,"uvlock":true,"x":180},
	  {"model":"block/variated/stone/stairs_inner/stone_stairs_inner_04","y":270,"uvlock":true,"x":180},
	  {"model":"block/variated/stone/stairs_inner/stone_stairs_inner_05","y":270,"uvlock":true,"x":180},
	  {"model":"block/variated/stone/stairs_inner/stone_stairs_inner_06","y":270,"uvlock":true,"x":180},
	  {"model":"block/variated/stone/stairs_inner/stone_stairs_inner_07","y":270,"uvlock":true,"x":180},
	  {"model":"block/variated/stone/stairs_inner/stone_stairs_inner_08","y":270,"uvlock":true,"x":180},
	  {"model":"block/variated/stone/stairs_inner/stone_stairs_inner_09","y":270,"uvlock":true,"x":180},
	  {"model":"block/variated/stone/stairs_inner/stone_stairs_inner_10","y":270,"uvlock":true,"x":180},
	  {"model":"block/variated/stone/stairs_inner/stone_stairs_inner_11","y":270,"uvlock":true,"x":180},
	  {"model":"block/variated/stone/stairs_inner/stone_stairs_inner_12","y":270,"uvlock":true,"x":180} ]
	}
}