{
  "variants": {
    "": [
	  { "model": "block/stone" },
      { "model": "block/variated/stone/stone_01" },
      { "model": "block/variated/stone/stone_02" },
      { "model": "block/variated/stone/stone_03" },
      { "model": "block/variated/stone/stone_04" },
      { "model": "block/variated/stone/stone_05" },
      { "model": "block/variated/stone/stone_06" },
      { "model": "block/variated/stone/stone_07" },
      { "model": "block/variated/stone/stone_08" },
      { "model": "block/variated/stone/stone_09" },
      { "model": "block/variated/stone/stone_10" },
      { "model": "block/variated/stone/stone_11" },
	  { "model": "block/variated/stone/stone_12" }
    ]
  }
}