{
  "variants": {

    "type=bottom": [
	  {"model": "block/stone_slab"},
      {"model": "block/variated/stone/slab/stone_slab_01"},
      {"model": "block/variated/stone/slab/stone_slab_02"},
      {"model": "block/variated/stone/slab/stone_slab_03"},
      {"model": "block/variated/stone/slab/stone_slab_04"},
      {"model": "block/variated/stone/slab/stone_slab_05"},
      {"model": "block/variated/stone/slab/stone_slab_06"},
      {"model": "block/variated/stone/slab/stone_slab_07"},
      {"model": "block/variated/stone/slab/stone_slab_08"},
      {"model": "block/variated/stone/slab/stone_slab_09"},
      {"model": "block/variated/stone/slab/stone_slab_10"},
      {"model": "block/variated/stone/slab/stone_slab_11"},
	  {"model": "block/variated/stone/slab/stone_slab_12"}
    ],
	
    "type=top": [
      {"model": "block/stone_slab_top"},
      {"model": "block/variated/stone/slab_top/stone_slab_top_01"},
      {"model": "block/variated/stone/slab_top/stone_slab_top_02"},
      {"model": "block/variated/stone/slab_top/stone_slab_top_03"},
      {"model": "block/variated/stone/slab_top/stone_slab_top_04"},
      {"model": "block/variated/stone/slab_top/stone_slab_top_05"},
      {"model": "block/variated/stone/slab_top/stone_slab_top_06"},
      {"model": "block/variated/stone/slab_top/stone_slab_top_07"},
      {"model": "block/variated/stone/slab_top/stone_slab_top_08"},
      {"model": "block/variated/stone/slab_top/stone_slab_top_09"},
      {"model": "block/variated/stone/slab_top/stone_slab_top_10"},
      {"model": "block/variated/stone/slab_top/stone_slab_top_11"},
	  {"model": "block/variated/stone/slab_top/stone_slab_top_12"}
    ],
	
    "type=double": [
      {"model": "block/stone"},
	  {"model": "block/variated/stone/stone_01"},
      {"model": "block/variated/stone/stone_02"},
      {"model": "block/variated/stone/stone_03"},
      {"model": "block/variated/stone/stone_04"},
      {"model": "block/variated/stone/stone_05"},
      {"model": "block/variated/stone/stone_06"},
      {"model": "block/variated/stone/stone_07"},
      {"model": "block/variated/stone/stone_08"},
      {"model": "block/variated/stone/stone_09"},
      {"model": "block/variated/stone/stone_10"},
      {"model": "block/variated/stone/stone_11"},
	  {"model": "block/variated/stone/stone_12"}
    ]
  }
}