{
  "variants": {
    "type=bottom": [
      { "model": "block/warped_slab" },
      { "model": "block/planks/warped_planks/warped_slab_01" },
      { "model": "block/planks/warped_planks/warped_slab_02" },
      { "model": "block/planks/warped_planks/warped_slab_03" },
      { "model": "block/planks/warped_planks/warped_slab_04" },
	  { "model": "block/planks/warped_planks/warped_slab_05" }
    ],
    "type=top": [
      { "model": "block/warped_slab_top" },
      { "model": "block/planks/warped_planks/warped_slab_top_01" },
      { "model": "block/planks/warped_planks/warped_slab_top_02" },
      { "model": "block/planks/warped_planks/warped_slab_top_03" },
      { "model": "block/planks/warped_planks/warped_slab_top_04" },
	  { "model": "block/planks/warped_planks/warped_slab_top_05" }
    ],
    "type=double": [
      { "model": "block/warped_planks" },
      { "model": "block/planks/warped_planks/warped_planks_01" },
      { "model": "block/planks/warped_planks/warped_planks_02" },
      { "model": "block/planks/warped_planks/warped_planks_03" },
      { "model": "block/planks/warped_planks/warped_planks_04" },
	  { "model": "block/planks/warped_planks/warped_planks_05" }
    ]
  }
}