{
  "variants": {
    "facing=east,half=bottom,open=false": {
      "model": "minecraft:block/doors/exposed_copper_doors/waxed_exposed_copper_trapdoor_bottom",
      "y": 270
    },
    "facing=east,half=bottom,open=true": {
      "model": "minecraft:block/doors/exposed_copper_doors/waxed_exposed_copper_trapdoor_open",
      "y": 90
    },
    "facing=east,half=top,open=false": {
      "model": "minecraft:block/doors/exposed_copper_doors/waxed_exposed_copper_trapdoor_top",
      "y": 270
    },
    "facing=east,half=top,open=true": {
      "model": "minecraft:block/doors/exposed_copper_doors/waxed_exposed_copper_trapdoor_open",
      "y": 90
    },
	
	
	
    "facing=north,half=bottom,open=false": {
      "model": "minecraft:block/doors/exposed_copper_doors/waxed_exposed_copper_trapdoor_bottom",
	  "y": 180
    },
    "facing=north,half=bottom,open=true": {
      "model": "minecraft:block/doors/exposed_copper_doors/waxed_exposed_copper_trapdoor_open"
    },
    "facing=north,half=top,open=false": {
      "model": "minecraft:block/doors/exposed_copper_doors/waxed_exposed_copper_trapdoor_top",
	  "y": 180
    },
    "facing=north,half=top,open=true": {
      "model": "minecraft:block/doors/exposed_copper_doors/waxed_exposed_copper_trapdoor_open"
    },
	
	
	
    "facing=south,half=bottom,open=false": {
      "model": "minecraft:block/doors/exposed_copper_doors/waxed_exposed_copper_trapdoor_bottom",
      "y": 180
    },
    "facing=south,half=bottom,open=true": {
      "model": "minecraft:block/doors/exposed_copper_doors/waxed_exposed_copper_trapdoor_open_b",
      "y": 180
    },
    "facing=south,half=top,open=false": {
      "model": "minecraft:block/doors/exposed_copper_doors/waxed_exposed_copper_trapdoor_top",
      "y": 180
    },
    "facing=south,half=top,open=true": {
      "model": "minecraft:block/doors/exposed_copper_doors/waxed_exposed_copper_trapdoor_open_b",
      "y": 180
    },
	
	
	
    "facing=west,half=bottom,open=false": {
      "model": "minecraft:block/doors/exposed_copper_doors/waxed_exposed_copper_trapdoor_bottom",
      "y": 270
    },
    "facing=west,half=bottom,open=true": {
      "model": "minecraft:block/doors/exposed_copper_doors/waxed_exposed_copper_trapdoor_open",
      "y": 270
    },
    "facing=west,half=top,open=false": {
      "model": "minecraft:block/doors/exposed_copper_doors/waxed_exposed_copper_trapdoor_top",
      "y": 270
    },
    "facing=west,half=top,open=true": {
      "model": "minecraft:block/doors/exposed_copper_doors/waxed_exposed_copper_trapdoor_open",
      "y": 270
    }
  }
}