{"variants":{"":[{"model":"minecraft:block/yellow_concrete_powder"},{"model":"minecraft:block/yellow_concrete_powder","x":90},{"model":"minecraft:block/yellow_concrete_powder","x":180},{"model":"minecraft:block/yellow_concrete_powder","x":270},{"model":"minecraft:block/yellow_concrete_powder","y":90},{"model":"minecraft:block/yellow_concrete_powder","y":90,"x":90},{"model":"minecraft:block/yellow_concrete_powder","y":90,"x":180},{"model":"minecraft:block/yellow_concrete_powder","y":90,"x":270},{"model":"minecraft:block/yellow_concrete_powder","y":180},{"model":"minecraft:block/yellow_concrete_powder","y":180,"x":90},{"model":"minecraft:block/yellow_concrete_powder","y":180,"x":180},{"model":"minecraft:block/yellow_concrete_powder","y":180,"x":270},{"model":"minecraft:block/yellow_concrete_powder","y":270},{"model":"minecraft:block/yellow_concrete_powder","y":270,"x":90},{"model":"minecraft:block/yellow_concrete_powder","y":270,"x":180},{"model":"minecraft:block/yellow_concrete_powder","y":270,"x":270}]}}