{
  "model": {
    "type": "minecraft:select",
    "block_state_property": "honey_level",
    "cases": [
      {
        "model": {
          "type": "minecraft:model",
          "model": "minecraft:block/beehive_honey"
        },
        "when": "5"
      },
	  {
        "model": {
          "type": "minecraft:model",
          "model": "minecraft:block/beehive_filled_04"
        },
        "when": "4"
      },
	  {
        "model": {
          "type": "minecraft:model",
          "model": "minecraft:block/beehive_filled_03"
        },
        "when": "3"
      },
	  {
        "model": {
          "type": "minecraft:model",
          "model": "minecraft:block/beehive_filled_02"
        },
        "when": "2"
      },
	  {
        "model": {
          "type": "minecraft:model",
          "model": "minecraft:block/beehive_filled_01"
        },
        "when": "1"
      }
    ],
    "fallback": {
      "type": "minecraft:model",
      "model": "minecraft:block/beehive_empty"
    },
    "property": "minecraft:block_state"
  }
}