{
	"model": {
		"type": "minecraft:select",
		"cases": [
			{
				"model": {
					"type": "minecraft:condition",
					"on_false": {
						"type": "minecraft:model",
						"model": "minecraft:item/bow"
					},
					"on_true": {
						"type": "minecraft:range_dispatch",
						"entries": [
							{
								"model": {
									"type": "minecraft:model",
									"model": "minecraft:item/mob_exclusive/stray/stray_bow_pulling_1"
								},
								"threshold": 0.65
							},
							{
								"model": {
									"type": "minecraft:model",
									"model": "minecraft:item/mob_exclusive/stray/stray_bow_pulling_2"
								},
								"threshold": 0.9
							}
						],
						"fallback": {
							"type": "minecraft:model",
							"model": "minecraft:item/mob_exclusive/stray/stray_bow_pulling_0"
						},
						"property": "minecraft:use_duration",
						"scale": 0.05
					},
					"property": "minecraft:using_item"
				},
				"when": [
					"minecraft:stray"
				]
			},
			{
				"model": {
					"type": "minecraft:condition",
					"on_false": {
						"type": "minecraft:model",
						"model": "minecraft:item/mob_exclusive/bogged/bogged_bow"
					},
					"on_true": {
						"type": "minecraft:range_dispatch",
						"entries": [
							{
								"model": {
									"type": "minecraft:model",
									"model": "minecraft:item/mob_exclusive/bogged/bogged_bow_pulling_1"
								},
								"threshold": 0.65
							},
							{
								"model": {
									"type": "minecraft:model",
									"model": "minecraft:item/mob_exclusive/bogged/bogged_bow_pulling_2"
								},
								"threshold": 0.9
							}
						],
						"fallback": {
							"type": "minecraft:model",
							"model": "minecraft:item/mob_exclusive/bogged/bogged_bow_pulling_0"
						},
						"property": "minecraft:use_duration",
						"scale": 0.05
					},
					"property": "minecraft:using_item"
				},
				"when": [
					"minecraft:bogged"
				]
			}
		],
		"fallback": {
			"type": "minecraft:condition",
			"on_false": {
				"type": "minecraft:model",
				"model": "minecraft:item/bow"
			},
			"on_true": {
				"type": "minecraft:range_dispatch",
				"entries": [
					{
						"model": {
							"type": "minecraft:model",
							"model": "minecraft:item/bow_pulling_1"
						},
						"threshold": 0.65
					},
					{
						"model": {
							"type": "minecraft:model",
							"model": "minecraft:item/bow_pulling_2"
						},
						"threshold": 0.9
					}
				],
				"fallback": {
					"type": "minecraft:model",
					"model": "minecraft:item/bow_pulling_0"
				},
				"property": "minecraft:use_duration",
				"scale": 0.05
			},
			"property": "minecraft:using_item"
		},
		"property": "minecraft:context_entity_type"
	}
}