{
  "model": {
      "type": "minecraft:condition",
      "property": "minecraft:using_item",
      "on_false": {
        "type": "minecraft:model",
        "model": "minecraft:item/dried_kelp"
      },
      "on_true": {
        "type": "minecraft:range_dispatch",
        "property": "minecraft:use_duration",
        "remaining": true,
        "scale": 0.048,
        "entries": [
          {
            "model": {
              "type": "minecraft:model",
              "model": "minecraft:item/eating_animations/dried_kelp_eat_2"
            },
            "threshold": 0.01
          },
          {
            "model": {
              "type": "minecraft:model",
              "model": "minecraft:item/eating_animations/dried_kelp_eat_1"
            },
            "threshold": 0.26
          },
          {
            "model": {
              "type": "minecraft:model",
              "model": "minecraft:item/eating_animations/dried_kelp_0"
            },
            "threshold": 0.5
          }
        ],
        "fallback": {
          "type": "minecraft:model",
          "model": "minecraft:item/eating_animations/dried_kelp_0"
        }
      }
    }
}