{
	"model": {
		"type": "select",
		"property": "block_state",
		"block_state_property": "display",
		"cases": [
			{
				"when": "ui",
				"model": {
					"type": "composite",
					"models": [
						{
							"type": "model",
							"model": "block/enchanting_table"
						},
						{
							"type": "model",
							"model": "item/enchanting_table_book"
						}
					]
				}
			}
		],
		"fallback": {
			"type": "condition",
			"property": "carried",
			"on_true": {
				"type": "composite",
				"models": [
					{
						"type": "model",
						"model": "block/enchanting_table"
					},
					{
						"type": "model",
						"model": "item/enchanting_table_book"
					}
				]
			},
			"on_false": {
				"type": "composite",
				"models": [
					{
						"type": "model",
						"model": "block/enchanting_table"
					},
					{
						"type": "model",
						"model": "item/enchanting_table_book"
					}
				]
			}
		}
	}
}