{
	"model": {
		"type": "range_dispatch",
		"property": "count",
		"scale": 64,
		"entries": [
			{
				"threshold": 0,
				"model": {
					"type": "model",
					"model": "item/magma_cream"
				}
			},
			{
				"threshold": 22,
				"model": {
					"type": "model",
					"model": "item/variated/magma_cream_medium"
				}
			},
			{
				"threshold": 43,
				"model": {
					"type": "model",
					"model": "item/variated/magma_cream_large"
				}
			}
		],
		"fallback": {
			"type": "model",
			"model": "item/magma_cream"
		}
	}
}