{
  "model": {
      "type": "minecraft:condition",
      "property": "minecraft:using_item",
      "on_false": {
        "type": "minecraft:model",
        "model": "minecraft:item/melon_slice"
      },
      "on_true": {
        "type": "minecraft:range_dispatch",
        "property": "minecraft:use_duration",
        "remaining": true,
        "scale": 0.048,
        "entries": [
          {
            "model": {
              "type": "minecraft:model",
              "model": "minecraft:item/eating_animations/melon_slice_eat_3"
            },
            "threshold": 0.1
          },
          {
            "model": {
              "type": "minecraft:model",
              "model": "minecraft:item/eating_animations/melon_slice_eat_2"
            },
            "threshold": 0.15
          },
          {
            "model": {
              "type": "minecraft:model",
              "model": "minecraft:item/eating_animations/melon_slice_eat_1"
            },
            "threshold": 0.5
          },
          {
            "model": {
              "type": "minecraft:model",
              "model": "minecraft:item/eating_animations/melon_slice_eat_0"
            },
            "threshold": 0.75
          },
          {
            "model": {
              "type": "minecraft:model",
              "model": "minecraft:item/eating_animations/melon_slice_0"
            },
            "threshold": 1.0
          }
        ],
        "fallback": {
          "type": "minecraft:model",
          "model": "minecraft:item/eating_animations/melon_slice_eat_3"
        }
      }
    }
}