{
	"model": {
		"type": "minecraft:condition",
		"property": "minecraft:using_item",
		"on_false": {
			"type": "minecraft:model",
			"model": "minecraft:item/poisonous_potato"
		},
		"on_true": {
			"type": "minecraft:range_dispatch",
			"property": "minecraft:use_duration",
			"remaining": true,
			"scale": 0.048,
			"entries": [
				{
					"model": {
						"type": "minecraft:model",
						"model": "minecraft:item/eating_animations/poisonous_potato_eat_2"
					},
					"threshold": 0.25
				},
				{
					"model": {
						"type": "minecraft:model",
						"model": "minecraft:item/eating_animations/poisonous_potato_eat_1"
					},
					"threshold": 0.47
				},
				{
					"model": {
						"type": "minecraft:model",
						"model": "minecraft:item/eating_animations/poisonous_potato_eat_0"
					},
					"threshold": 0.75
				},
				{
					"model": {
						"type": "minecraft:model",
						"model": "minecraft:item/eating_animations/poisonous_potato_0"
					},
					"threshold": 1.0
				}
			],
			"fallback": {
				"type": "minecraft:model",
				"model": "minecraft:item/eating_animations/poisonous_potato_eat_2"
			}
		}
	}
}