{
  "model": {
      "type": "minecraft:condition",
      "property": "minecraft:using_item",
      "on_false": {
        "type": "minecraft:model",
        "model": "minecraft:item/potion",
    "tints": [
      {
        "type": "minecraft:potion",
        "default": -13083194
      }
    ]
      },
      "on_true": {
        "type": "minecraft:range_dispatch",
        "property": "minecraft:use_duration",
        "remaining": true,
        "scale": 0.048,
        "entries": [
          {
            "model": {
              "type": "minecraft:model",
              "model": "minecraft:item/eating_animations/potion_drink_3",
    "tints": [
      {
        "type": "minecraft:potion",
        "default": -13083194
      }
    ]
            },
            "threshold": 0.01
          },
          {
            "model": {
              "type": "minecraft:model",
              "model": "minecraft:item/eating_animations/potion_drink_2",
    "tints": [
      {
        "type": "minecraft:potion",
        "default": -13083194
      }
    ]
            },
            "threshold": 0.35
          },
          {
            "model": {
              "type": "minecraft:model",
              "model": "minecraft:item/eating_animations/potion_drink_1",
    "tints": [
      {
        "type": "minecraft:potion",
        "default": -13083194
      }
    ]
            },
            "threshold": 0.57
          },
          {
            "model": {
              "type": "minecraft:model",
              "model": "minecraft:item/eating_animations/potion_drink_0",
    "tints": [
      {
        "type": "minecraft:potion",
        "default": -13083194
      }
    ]
            },
            "threshold": 0.8
          },
          {
            "model": {
              "type": "minecraft:model",
              "model": "minecraft:item/potion",
    "tints": [
      {
        "type": "minecraft:potion",
        "default": -13083194
      }
    ]
            },
            "threshold": 1.0
          }
        ],
        "fallback": {
          "type": "minecraft:model",
          "model": "minecraft:item/potion",
    "tints": [
      {
        "type": "minecraft:potion",
        "default": -13083194
      }
    ]
        }
      }
    }
}