{
	"model": {
		"type": "range_dispatch",
		"property": "count",
		"scale": 64,
		"entries": [
			{
				"threshold": 0,
				"model": {
					"type": "model",
					"model": "item/variated/prismarine_crystals_single"
				}
			},
			{
				"threshold": 2,
				"model": {
					"type": "model",
					"model": "item/variated/prismarine_crystals_double"
				}
			},
			{
				"threshold": 3,
				"model": {
					"type": "model",
					"model": "item/variated/prismarine_crystals_triple"
				}
			},
			{
				"threshold": 4,
				"model": {
					"type": "model",
					"model": "item/variated/prismarine_crystals_quadruple"
				}
			},
			{
				"threshold": 5,
				"model": {
					"type": "model",
					"model": "item/prismarine_crystals"
				}
			}
		],
		"fallback": {
			"type": "model",
			"model": "item/prismarine_crystals"
		}
	}
}