{
	"model": {
		"type": "minecraft:condition",
		"keybind": "key.use",
		"property": "minecraft:keybind_down",
		"on_true": {
			"type": "minecraft:condition",
			"property": "minecraft:selected",
			"on_true": {
				"type": "minecraft:model",
				"model": "minecraft:item/shears_shearing"
			},
			"on_false": {
				"type": "minecraft:model",
				"model": "minecraft:item/shears"
			}
		},
		"on_false": {
			"type": "minecraft:model",
			"model": "minecraft:item/shears"
		}
	}
}