{
	"model": {
		"type": "range_dispatch",
		"property": "count",
		"scale": 16,
		"entries": [
			{
				"threshold": 0,
				"model": {
					"type": "model",
					"model": "item/snowball"
				}
			},
			{
				"threshold": 8,
				"model": {
					"type": "model",
					"model": "item/variated/snowball_medium"
				}
			},
			{
				"threshold": 12,
				"model": {
					"type": "model",
					"model": "item/variated/snowball_large"
				}
			}
		],
		"fallback": {
			"type": "model",
			"model": "item/snowball"
		}
	}
}