{
  "model": {
    "type": "minecraft:select",
    "property": "minecraft:display_context",
    "cases": [
      {
        "model": {
          "type": "minecraft:model",
          "model": "minecraft:item/torch"
        },
        "when": [
          "gui",
          "ground",
          "fixed"
        ]
      },
       {
        "model": {
          "type": "minecraft:model",
          "model": "minecraft:item/torch_in_hand"
        },
        "when": [
          "thirdperson_lefthand",
          "thirdperson_righthand",
          "firstperson_lefthand",
          "firstperson_righthand"
        ]
      }
    ]
  }
}
