{
	"model": {
		"type": "minecraft:condition",
		"component": "minecraft:dyed_color",
		"on_false": {
			"type": "minecraft:range_dispatch",
			"property": "minecraft:damage",
			"entries": [
				{
					"threshold": 0,
					"model": {
						"type": "minecraft:model",
						"model": "minecraft:item/wolf_armor"
					}
				},
				{
					"threshold": 0.25,
					"model": {
						"type": "minecraft:model",
						"model": "minecraft:item/mob_exclusive/wolf_armor/wolf_armor_crackiness_low"
					}
				},
				{
					"threshold": 0.5,
					"model": {
						"type": "minecraft:model",
						"model": "minecraft:item/mob_exclusive/wolf_armor/wolf_armor_crackiness_medium"
					}
				},
				{
					"threshold": 0.75,
					"model": {
						"type": "minecraft:model",
						"model": "minecraft:item/mob_exclusive/wolf_armor/wolf_armor_crackiness_high"
					}
				}
			]
		},
		"on_true": {
			"type": "minecraft:range_dispatch",
			"property": "minecraft:damage",
			"entries": [
				{
					"threshold": 0,
					"model": {
						"type": "minecraft:model",
						"model": "minecraft:item/wolf_armor_dyed",
						"tints": [
							{
								"type": "minecraft:constant",
								"value": -1
							},
							{
								"type": "minecraft:dye",
								"default": 0
							}
						]
					}
				},
				{
					"threshold": 0.25,
					"model": {
						"type": "minecraft:model",
						"model": "minecraft:item/mob_exclusive/wolf_armor/wolf_armor_dyed_crackiness_low",
						"tints": [
							{
								"type": "minecraft:constant",
								"value": -1
							},
							{
								"type": "minecraft:dye",
								"default": 0
							}
						]
					}
				},
				{
					"threshold": 0.5,
					"model": {
						"type": "minecraft:model",
						"model": "minecraft:item/mob_exclusive/wolf_armor/wolf_armor_dyed_crackiness_medium",
						"tints": [
							{
								"type": "minecraft:constant",
								"value": -1
							},
							{
								"type": "minecraft:dye",
								"default": 0
							}
						]
					}
				},
				{
					"threshold": 0.75,
					"model": {
						"type": "minecraft:model",
						"model": "minecraft:item/mob_exclusive/wolf_armor/wolf_armor_dyed_crackiness_high",
						"tints": [
							{
								"type": "minecraft:constant",
								"value": -1
							},
							{
								"type": "minecraft:dye",
								"default": 0
							}
						]
					}
				}
			]
		},
		"property": "minecraft:has_component"
	}
}