{
    "model": {
        "type": "range_dispatch",
        "property": "custom_model_data",
        "fallback": {
            "type": "minecraft:special",
            "base": "minecraft:item/template_skull",
            "model": {
                "type": "minecraft:head",
                "kind": "player"
            }
        },
        "entries": [
            {
                "threshold": 1,
                "model": {
                    "type": "minecraft:special",
                    "base": "minecraft:item/custom/decorations/grave/head",
                    "model": {
                        "type": "minecraft:head",
                        "kind": "player"
                    }
                }
            },
            {
                "threshold": 2,
                "model": {
                    "type": "minecraft:special",
                    "base": "minecraft:item/custom/decorations/grave/degenerate",
                    "model": {
                        "type": "minecraft:head",
                        "kind": "player"
                    }
                }
            },
            {
                "threshold": 3,
                "model": {
                    "type": "minecraft:special",
                    "base": "minecraft:item/item/player_head",
                    "model": {
                        "type": "minecraft:head",
                        "kind": "player"
                    }
                }
            },
            {
                "threshold": 4,
                "model": {
                    "type": "minecraft:special",
                    "base": "minecraft:item/custom/entities/player/player_leg",
                    "model": {
                        "type": "minecraft:head",
                        "kind": "player"
                    }
                }
            },
            {
                "threshold": 5,
                "model": {
                    "type": "minecraft:special",
                    "base": "minecraft:item/custom/entities/player/player_leg",
                    "model": {
                        "type": "minecraft:head",
                        "kind": "player"
                    }
                }
            },
            {
                "threshold": 6,
                "model": {
                    "type": "minecraft:special",
                    "base": "minecraft:item/custom/entities/player/player_arm",
                    "model": {
                        "type": "minecraft:head",
                        "kind": "player"
                    }
                }
            },
            {
                "threshold": 7,
                "model": {
                    "type": "minecraft:special",
                    "base": "minecraft:item/custom/entities/player/player_arm",
                    "model": {
                        "type": "minecraft:head",
                        "kind": "player"
                    }
                }
            },
            {
                "threshold": 8,
                "model": {
                    "type": "minecraft:special",
                    "base": "minecraft:item/custom/entities/player/player_slimb",
                    "model": {
                        "type": "minecraft:head",
                        "kind": "player"
                    }
                }
            },
            {
                "threshold": 9,
                "model": {
                    "type": "minecraft:special",
                    "base": "minecraft:item/custom/entities/player/player_slimb",
                    "model": {
                        "type": "minecraft:head",
                        "kind": "player"
                    }
                }
            },
            {
                "threshold": 10,
                "model": {
                    "type": "minecraft:special",
                    "base": "minecraft:item/custom/ui/large_player_head",
                    "model": {
                        "type": "minecraft:head",
                        "kind": "player"
                    }
                }
            },
            {
                "threshold": 11,
                "model": {
                    "type": "minecraft:special",
                    "base": "minecraft:item/item/player_head",
                    "model": {
                        "type": "minecraft:head",
                        "kind": "player"
                    }
                }
            },
            {
                "threshold": 12,
                "model": {
                    "type": "minecraft:special",
                    "base": "minecraft:item/custom/entities/player/player_body",
                    "model": {
                        "type": "minecraft:head",
                        "kind": "player"
                    }
                }
            },
            {
                "threshold": 13,
                "model": {
                    "type": "minecraft:special",
                    "base": "minecraft:item/custom/entities/player/player_head",
                    "model": {
                        "type": "minecraft:head",
                        "kind": "player"
                    }
                }
            }
        ]
    },
    "display": {
        "thirdperson_righthand": {
            "rotation": [
                60.36,
                167,
                -1.5
            ],
            "translation": [
                2,
                4.25,
                5
            ]
        },
        "thirdperson_lefthand": {
            "rotation": [
                60.36,
                167,
                -1.5
            ],
            "translation": [
                2,
                4.25,
                5
            ]
        },
        "firstperson_righthand": {
            "rotation": [
                152.68,
                -128,
                155.92
            ],
            "translation": [
                1.25,
                7.25,
                0.5
            ],
            "scale": [
                0.62,
                0.81,
                0.81
            ]
        },
        "firstperson_lefthand": {
            "rotation": [
                152.68,
                -128,
                155.92
            ],
            "translation": [
                1.5,
                7.25,
                0.5
            ],
            "scale": [
                0.62,
                0.81,
                0.81
            ]
        },
        "ground": {
            "translation": [
                0,
                4.5,
                0
            ]
        },
        "gui": {
            "translation": [
                0,
                8,
                0
            ],
            "scale": [
                2,
                2,
                2
            ]
        },
        "fixed": {
            "rotation": [
                0,
                180,
                0
            ],
            "translation": [
                0,
                10,
                1
            ],
            "scale": [
                2.5,
                2.5,
                0.25
            ]
        }
    }
}